tradingsymbol Zerodha,name,exchange,tradingsymbol Yahoo
20MICRONS,20 MICRONS,NSE,20MICRONS.NS
21STCENMGM,21ST CENTURY MGMT SERVICE,NSE,21STCENMGM.NS
3MINDIA,3M INDIA,NSE,3MINDIA.NS
3PLAND-BE,3P LAND HOLDINGS,NSE,3PLAND-BE.NS
5PAISA,5PAISA CAPITAL,NSE,5PAISA.NS
63MOONS,63 MOONS TECHNOLOGIES,NSE,63MOONS.NS
A2ZINFRA,A2Z INFRA ENGINEERING,NSE,A2ZINFRA.NS
AAKASH,AAKASH EXPLORATION SER L,NSE,AAKASH.NS
AAREYDRUGS,AAREY DRUGS & PHARM,NSE,AAREYDRUGS.NS
AARON,AARON INDUSTRIES,NSE,AARON.NS
AARTIDRUGS,AARTI DRUGS.,NSE,AARTIDRUGS.NS
AARTIIND,AARTI INDUSTRIES,NSE,AARTIIND.NS
AARTISURF,AARTI SURFACTANTS,NSE,AARTISURF.NS
AARVEEDEN,AARVEE DEN. & EXP.,NSE,AARVEEDEN.NS
AARVI,AARVI ENCON,NSE,AARVI.NS
AAVAS,AAVAS FINANCIERS,NSE,AAVAS.NS
ABAN,ABAN OFFSHORE.,NSE,ABAN.NS
ABB,ABB INDIA,NSE,ABB.NS
ABBOTINDIA,ABBOTT INDIA,NSE,ABBOTINDIA.NS
ABCAPITAL,ADITYA BIRLA CAPITAL.,NSE,ABCAPITAL.NS
ABFRL,ADITYA BIRLA FASHION & RT,NSE,ABFRL.NS
ABSLBANETF,BIRLASLAMC - ABSLBANETF,NSE,ABSLBANETF.NS
ABSLNN50ET,BIRLASLAMC - ABSLNN50ET,NSE,ABSLNN50ET.NS
ACC,ACC,NSE,ACC.NS
ACCELYA,ACCELYA SOLN INDIA,NSE,ACCELYA.NS
ACCURACY,ACCURACY SHIPPING,NSE,ACCURACY.NS
ACE,ACTION CONST EQUIP,NSE,ACE.NS
ACRYSIL,ACRYSIL,NSE,ACRYSIL.NS
ADANIENT,ADANI ENTERPRISES,NSE,ADANIENT.NS
ADANIGREEN-BE,ADANI GREEN ENERGY,NSE,ADANIGREEN-BE.NS
ADANIPORTS,ADANI PORT & SEZ,NSE,ADANIPORTS.NS
ADANIPOWER,Adani Power Limited,NSE,ADANIPOWER.NS
ADANITRANS,ADANI TRANSMISSION,NSE,ADANITRANS.NS
ADFFOODS,ADF FOODS,NSE,ADFFOODS.NS
ADL-BE,ARCHIDPLY DECOR,NSE,ADL.NS
ADORWELD,ADOR WELDING,NSE,ADORWELD.NS
ADROITINFO-BE,ADROIT INFOTECH,NSE,ADROITINFO-BE.NS
ADSL,ALLIED DIGITAL SERV.,NSE,ADSL.NS
ADVANIHOTR,ADVANI HOT.& RES.(I),NSE,ADVANIHOTR.NS
ADVENZYMES,ADVANCED ENZYME TECH,NSE,ADVENZYMES.NS
AEGISCHEM,AEGIS LOGISTICS,NSE,AEGISCHEM.NS
AFFLE-BE,AFFLE (INDIA),NSE,AFFLE-BE.NS
AGARIND,AGARWAL INDS CORP.,NSE,AGARIND.NS
AGCNET-BE,AGC NETWORKS,NSE,AGCNET-BE.NS
AGRITECH,AGRI-TECH (INDIA),NSE,AGRITECH.NS
AGROPHOS,AGRO PHOS INDIA,NSE,AGROPHOS.NS
AHLADA,AHLADA ENGINEERS,NSE,AHLADA.NS
AHLEAST,ASIAN HOTELS (EAST),NSE,AHLEAST.NS
AHLUCONT,AHLUWALIA CONT IND,NSE,AHLUCONT.NS
AHLWEST,ASIAN HOTELS (WEST),NSE,AHLWEST.NS
AIAENG,AIA ENGINEERING,NSE,AIAENG.NS
AIRAN-BE,AIRAN,NSE,AIRAN-BE.NS
AJANTPHARM,AJANTA PHARMA,NSE,AJANTPHARM.NS
AJMERA-BE,AJMERA REALTY & INF I,NSE,AJMERA-BE.NS
AJOONI,AJOONI BIOTECH,NSE,AJOONI.NS
AJRINFRA-BE,AJR INFRA & TOLLING,NSE,AJRINFRA-BE.NS
AKASH,AKASH INFRA-PROJECTS,NSE,AKASH.NS
AKG,AKG EXIM,NSE,AKG.NS
AKSHARCHEM,AKSHARCHEM INDIA,NSE,AKSHARCHEM.NS
AKSHOPTFBR-BE,AKSH OPTIFIBRE ,NSE,AKSHOPTFBR-BE.NS
AKZOINDIA,AKZO NOBEL INDIA,NSE,AKZOINDIA.NS
ALANKIT,ALANKIT,NSE,ALANKIT.NS
ALBERTDAVD,ALBERT DAVID,NSE,ALBERTDAVD.NS
ALEMBICLTD,ALEMBIC,NSE,ALEMBICLTD.NS
ALICON,ALICON CASTALLOY,NSE,ALICON.NS
ALKALI,ALKALI METALS,NSE,ALKALI.NS
ALKEM,ALKEM LABORATORIES.,NSE,ALKEM.NS
ALKYLAMINE,ALKYL AMINES CHEM.,NSE,ALKYLAMINE.NS
ALLCARGO,ALLCARGO LOGISTICS,NSE,ALLCARGO.NS
ALLSEC,ALLSEC TECHNOLOGIES,NSE,ALLSEC.NS
ALMONDZ,ALMONDZ GLOBAL SEC,NSE,ALMONDZ.NS
ALOKINDS,ALOK INDUSTRIES,NSE,ALOKINDS.NS
ALPA,ALPA LABORATORIES,NSE,ALPA.NS
ALPHAGEO,ALPHAGEO (INDIA),NSE,ALPHAGEO.NS
ALPSINDUS-BE,ALPS INDUSTRIES.,NSE,ALPSINDUS-BE.NS
AMARAJABAT,AMARA RAJA BATTERIES.,NSE,AMARAJABAT.NS
AMBER,AMBER ENTERPRISES (I),NSE,AMBER.NS
AMBICAAGAR,AMBICA AGAR & AROMAINDLTD,NSE,AMBICAAGAR.NS
AMBIKCO,AMBIKA COTTON MILL.,NSE,AMBIKCO.NS
AMBUJACEM,AMBUJA CEMENTS,NSE,AMBUJACEM.NS
AMDIND,AMD INDUSTRIES,NSE,AMDIND.NS
AMJLAND,AMJ LAND HOLDINGS,NSE,AMJLAND.NS
AMRUTANJAN,AMRUTAJAN HEALTH,NSE,AMRUTANJAN.NS
ANANTRAJ-BE,ANANT RAJ,NSE,ANANTRAJ-BE.NS
ANDHRACEMT-BE,ANDHRA CEMENTS,NSE,ANDHRACEMT-BE.NS
ANDHRAPAP,ANDHRA PAPER,NSE,ANDHRAPAP.NS
ANDHRSUGAR,ANDHRA SUGARS,NSE,ANDHRSUGAR.NS
ANDREWYU,ANDREW YULE & CO,NSE,ANDREWYU.NS
ANGELBRKG,ANGEL BROKING,NSE,ANGELBRKG.NS
ANIKINDS,ANIK INDUSTRIES,NSE,ANIKINDS.NS
ANKITMETAL-BE,ANKIT MET & POW,NSE,ANKITMETAL-BE.NS
ANMOL,ANMOL INDIA,NSE,ANMOL.NS
ANSALAPI,ANSAL PROP & INFRA,NSE,ANSALAPI.NS
ANSALHSG,ANSAL HOUSING,NSE,ANSALHSG.NS
ANTGRAPHIC-BE,ANTARCTICA,NSE,ANTGRAPHIC-BE.NS
ANUP,THE ANUP ENGINEERING,NSE,ANUP.NS
ANURAS,ANUPAM RASAYAN INDIA,NSE,ANURAS.NS
APARINDS,APAR INDUSTRIES.,NSE,APARINDS.NS
APCL,ANJANI PORTLAND CEM,NSE,APCL.NS
APCOTEXIND,APCOTEX INDUSTRIES LIMITE,NSE,APCOTEXIND.NS
APEX,APEX FROZEN FOODS,NSE,APEX.NS
APLAPOLLO,APL APOLLO TUBES,NSE,APLAPOLLO.NS
APLLTD,ALEMBIC PHARMA,NSE,APLLTD.NS
APOLLO,APOLLO MICRO SYSTEMS,NSE,APOLLO.NS
APOLLOHOSP,APOLLO HOSPITALS ENTER. L,NSE,APOLLOHOSP.NS
APOLLOPIPE,APOLLO PIPES,NSE,APOLLOPIPE.NS
APOLLOTYRE,APOLLO TYRES,NSE,APOLLOTYRE.NS
APOLSINHOT,APOLLO SINDOORI HOTEL,NSE,APOLSINHOT.NS
APTECHT,APTECH,NSE,APTECHT.NS
APTUS,APTUS VALUE HSG FIN I,NSE,APTUS.NS
ARCHIDPLY,ARCHIDPLY IND.,NSE,ARCHIDPLY.NS
ARCHIES-BE,ARCHIES,NSE,ARCHIES-BE.NS
ARENTERP,RAJDARSHAN INDUSTRIES,NSE,ARENTERP.NS
ARIES,ARIES AGRO.,NSE,ARIES.NS
ARIHANT,ARIHANT FOUN & HOU,NSE,ARIHANT.NS
ARIHANTCAP,ARIHANT CAPITAL MKTS,NSE,ARIHANTCAP.NS
ARIHANTSUP,ARIHANT SUPERSTRUCT,NSE,ARIHANTSUP.NS
ARMANFIN,ARMAN FIN SERV,NSE,ARMANFIN.NS
AROGRANITE,ARO GRANITE IND..,NSE,AROGRANITE.NS
ARROWGREEN,ARROW GREENTECH,NSE,ARROWGREEN.NS
ARSHIYA,ARSHIYA,NSE,ARSHIYA.NS
ARSSINFRA,ARSS INFRA PROJ.,NSE,ARSSINFRA.NS
ARTEMISMED,ARTEMIS MED SERVICE,NSE,ARTEMISMED.NS
ARVEE-BE,ARVEE LABORATORIES I,NSE,ARVEE-BE.NS
ARVIND,ARVIND,NSE,ARVIND.NS
ARVINDFASN,ARVIND FASHIONS,NSE,ARVINDFASN.NS
ARVSMART,ARVIND SMARTSPACES,NSE,ARVSMART.NS
ASAHIINDIA,ASAHI INDIA GLASS,NSE,ASAHIINDIA.NS
ASAHISONG,ASAHI SONGWON COLOR,NSE,ASAHISONG.NS
ASAL-BE,AUTOMOTIVE STAMPINGS & AS,NSE,ASAL-BE.NS
ASALCBR,ASSO ALCOHOLS & BREW,NSE,ASALCBR.NS
ASHAPURMIN-BE,ASHAPURA MINECHEM,NSE,ASHAPURMIN-BE.NS
ASHIANA,ASHIANA HOUSING,NSE,ASHIANA.NS
ASHIMASYN,ASHIMA,NSE,ASHIMASYN.NS
ASHOKA,ASHOKA BUILDCON,NSE,ASHOKA.NS
ASHOKLEY,ASHOK LEYLAND,NSE,ASHOKLEY.NS
ASIANHOTNR,ASIAN HOTELS (NORTH),NSE,ASIANHOTNR.NS
ASIANPAINT,ASIAN PAINTS,NSE,ASIANPAINT.NS
ASIANTILES,ASIAN GRANITO IND..,NSE,ASIANTILES.NS
ASPINWALL,ASPINWALL & CO,NSE,ASPINWALL.NS
ASTEC,ASTEC LIFESCIENCES,NSE,ASTEC.NS
ASTERDM,ASTER DM HEALTHCARE.,NSE,ASTERDM.NS
ASTRAL,ASTRAL,NSE,ASTRAL.NS
ASTRAMICRO,ASTRA MICROWAVE,NSE,ASTRAMICRO.NS
ASTRAZEN,ASTRAZENECA PHARMA IND LT,NSE,ASTRAZEN.NS
ASTRON,ASTRON PAPER BORD MIL,NSE,ASTRON.NS
ATFL,AGRO TECH FOODS,NSE,ATFL.NS
ATGL-BE,ADANI TOTAL GAS,NSE,ATGL-BE.NS
ATLANTA-BE,ATLANTA,NSE,ATLANTA-BE.NS
ATUL,ATUL,NSE,ATUL.NS
ATULAUTO,ATUL AUTO,NSE,ATULAUTO.NS
AUBANK,AU SMALL FINANCE BANK,NSE,AUBANK.NS
AURIONPRO-BE,AURIONPRO SOLN,NSE,AURIONPRO-BE.NS
AUROPHARMA,AUROBINDO PHARMA,NSE,AUROPHARMA.NS
AUSOMENT-BE,AUSOM ENTERPRISE,NSE,AUSOMENT-BE.NS
AUTOAXLES,AUTOMOTIVE AXLES,NSE,AUTOAXLES.NS
AUTOIND,AUTOLINE INDUSTRIES,NSE,AUTOIND.NS
AVADHSUGAR,AVADH SUG & ENERGY,NSE,AVADHSUGAR.NS
AVANTIFEED,AVANTI FEEDS,NSE,AVANTIFEED.NS
AVTNPL,AVT NATURAL PRODUCTS,NSE,AVTNPL.NS
AWHCL,ANTONY WASTE HDG CELL,NSE,AWHCL.NS
AXISBANK,AXIS BANK,NSE,AXISBANK.NS
AXISBNKETF,AXISAMC - AXISBNKETF,NSE,AXISBNKETF.NS
AXISBPSETF,AXISAMC - AXISBPSETF,NSE,AXISBPSETF.NS
AXISCADES,AXISCADES TECH,NSE,AXISCADES.NS
AXISGOLD,AXIS MF - AXIS GOLD ETF,NSE,AXISGOLD.NS
AXISHCETF,AXISAMC - AXISHCETF,NSE,AXISHCETF.NS
AXISTECETF,AXISAMC - AXISTECETF,NSE,AXISTECETF.NS
AYMSYNTEX,AYM SYNTEX,NSE,AYMSYNTEX.NS
BAFNAPH,BAFNA PHARMACEUTICALS,NSE,BAFNAPH.NS
BAGFILMS,B.A.G FILMS AND MEDIA,NSE,BAGFILMS.NS
BAJAJ-AUTO,BAJAJ AUTO,NSE,BAJAJ-AUTO.NS
BAJAJCON,BAJAJ CONSUMER CARE,NSE,BAJAJCON.NS
BAJAJELEC,BAJAJ ELECT.LTD,NSE,BAJAJELEC.NS
BAJAJFINSV,BAJAJ FINSERV.,NSE,BAJAJFINSV.NS
BAJAJHIND-BE,BAJAJ HINDUSTHAN SUGAR LT,NSE,BAJAJHIND-BE.NS
BAJAJHLDNG,BAJAJ HOLDINGS & INVS,NSE,BAJAJHLDNG.NS
BAJFINANCE,BAJAJ FINANCE,NSE,BAJFINANCE.NS
BALAJITELE,BALAJI TELEFILMS,NSE,BALAJITELE.NS
BALAMINES,BALAJI AMINES,NSE,BALAMINES.NS
BALAXI,BALAXI PHARMA,NSE,BALAXI.NS
BALKRISHNA-BE,BALKRISHNA PAPER MILLS L,NSE,BALKRISHNA-BE.NS
BALKRISIND,BALKRISHNA IND.,NSE,BALKRISIND.NS
BALMLAWRIE,BALMER LAWRIE & CO,NSE,BALMLAWRIE.NS
BALPHARMA,BAL PHARMA.,NSE,BALPHARMA.NS
BALRAMCHIN,BALRAMPUR CHINI MILLS,NSE,BALRAMCHIN.NS
BANARBEADS,BANARAS BEADS,NSE,BANARBEADS.NS
BANARISUG,BANNARI AMMAN SUGARS,NSE,BANARISUG.NS
BANCOINDIA,BANCO PRODUCTS (I),NSE,BANCOINDIA.NS
BANDHANBNK,BANDHAN BANK,NSE,BANDHANBNK.NS
BANG-BE,BANG OVERSEAS.,NSE,BANG-BE.NS
BANKA,BANKA BIOLOO,NSE,BANKA.NS
BANKBARODA,BANK OF BARODA,NSE,BANKBARODA.NS
BANKBEES,NIP IND ETF BANK BEES,NSE,BANKBEES.NS
BANKINDIA,BANK OF INDIA,NSE,BANKINDIA.NS
BANSWRAS,BANSWARA SYNTEX,NSE,BANSWRAS.NS
BARBEQUE,BARBEQUE NATION HOSP.,NSE,BARBEQUE.NS
BASF,BASF INDIA,NSE,BASF.NS
BASML,BANNARI AM SPIN MILL.,NSE,BASML.NS
BATAINDIA,BATA INDIA,NSE,BATAINDIA.NS
BAYERCROP,BAYER CROPSCIENCE,NSE,BAYERCROP.NS
BBL,BHARAT BIJLEE,NSE,BBL.NS
BBTC,BOMBAY BURMAH TRADING COR,NSE,BBTC.NS
BCG-BE,BRIGHTCOM GROUP,NSE,BCG-BE.NS
BCLIND,BCL INDUSTRIES,NSE,BCLIND.NS
BCP,B.C. POWER CONTROLS,NSE,BCP.NS
BDL,BHARAT DYNAMICS,NSE,BDL.NS
BEARDSELL,BEARDSELL,NSE,BEARDSELL.NS
BECTORFOOD,MRS BECTORS FOOD SPE,NSE,BECTORFOOD.NS
BEDMUTHA,BEDMUTHA INDUST,NSE,BEDMUTHA.NS
BEL,BHARAT ELECTRONICS,NSE,BEL.NS
BEML,BEML,NSE,BEML.NS
BEPL,BHANSALI ENG. POLYMERS LT,NSE,BEPL.NS
BERGEPAINT,BERGER PAINTS (I),NSE,BERGEPAINT.NS
BESTAGRO,BEST AGROLIFE,NSE,BESTAGRO.NS
BFINVEST,BF INVESTMENT,NSE,BFINVEST.NS
BFUTILITIE,BF UTILITIES,NSE,BFUTILITIE.NS
BGLOBAL-BE,BHARATIYA GLOBAL INFO,NSE,BGLOBAL-BE.NS
BGRENERGY,BGR ENERGY SYSTEMS,NSE,BGRENERGY.NS
BHAGERIA,BHAGERIA INDUSTRIES,NSE,BHAGERIA.NS
BHAGYANGR,BHAGYANAGAR INDIA,NSE,BHAGYANGR.NS
BHAGYAPROP,BHAGYANAGAR PRO,NSE,BHAGYAPROP.NS
BHANDARI,BHANDARI HOSIERY EXP,NSE,BHANDARI.NS
BHARATFORG,BHARAT FORGE,NSE,BHARATFORG.NS
BHARATGEAR,BHARAT GEARS.,NSE,BHARATGEAR.NS
BHARATRAS,BHARAT RASAYAN,NSE,BHARATRAS.NS
BHARATWIRE-BE,BHARAT WIRE ROPES.,NSE,BHARATWIRE-BE.NS
BHARTIARTL,BHARTI AIRTEL,NSE,BHARTIARTL.NS
BHEL,BHEL,NSE,BHEL.NS
BIGBLOC,BIGBLOC CONSTRUCTION,NSE,BIGBLOC.NS
BIL,BHARTIYA INTERNATIONAL,NSE,BIL.NS
BINDALAGRO,OSWAL CHEM. & FERT..,NSE,BINDALAGRO.NS
BIOCON,BIOCON,NSE,BIOCON.NS
BIOFILCHEM,BIOFIL CHEM & PHARMA,NSE,BIOFILCHEM.NS
BIRLACABLE-BE,BIRLA CABLE,NSE,BIRLACABLE-BE.NS
BIRLACORPN,BIRLA CORPORATION,NSE,BIRLACORPN.NS
BIRLAMONEY,ADITYA BIRLA MONEY,NSE,BIRLAMONEY.NS
BIRLATYRE,BIRLA TYRES,NSE,BIRLATYRE.NS
BKMINDST-BE,BKM INDUSTRIES,NSE,BKMINDST-BE.NS
BLBLIMITED,BLB,NSE,BLBLIMITED.NS
BLISSGVS,BLISS GVS PHARMA,NSE,BLISSGVS.NS
BLKASHYAP,B.L.KASHYAP & SON,NSE,BLKASHYAP.NS
BLS,BLS INTL SERVS,NSE,BLS.NS
BLUECHIP-BE,BLUE CHIP INDIA,NSE,BLUECHIP-BE.NS
BLUECOAST-BE,BLUE COAST HOTELS,NSE,BLUECOAST.NS
BLUEDART,BLUE DART EXPRESS,NSE,BLUEDART.NS
BLUESTARCO,BLUE STAR,NSE,BLUESTARCO.NS
BODALCHEM,BODAL CHEMICALS,NSE,BODALCHEM.NS
BOMDYEING,BOMBAY DYEING & MFG. CO L,NSE,BOMDYEING.NS
BOROLTD,BOROSIL,NSE,BOROLTD.NS
BORORENEW-BE,BOROSIL RENEWABLES,NSE,BORORENEW-BE.NS
BOSCHLTD,BOSCH,NSE,BOSCHLTD.NS
BPCL,BHARAT PETROLEUM CORP  LT,NSE,BPCL.NS
BPL,BPL,NSE,BPL.NS
BRFL-BE,BOMBAY RAYON FASHIONS,NSE,BRFL-BE.NS
BRIGADE,BRIGADE ENTER.,NSE,BRIGADE.NS
BRITANNIA,BRITANNIA INDUSTRIES,NSE,BRITANNIA.NS
BRNL,BHARAT ROAD NETWORK,NSE,BRNL.NS
BROOKS,BROOKS LAB,NSE,BROOKS.NS
BSE,BSE,NSE,BSE.NS
BSHSL-BE,BOMBAY SUPER HYBRID SEEDS,NSE,BSHSL-BE.NS
BSL,BSL,NSE,BSL.NS
BSLGOLDETF,ADITYBIRLA SL GOLD ETF-GR,NSE,BSLGOLDETF.NS
BSLNIFTY,ADITYBIRLA SL NIF ETF-GR,NSE,BSLNIFTY.NS
BSOFT,BIRLASOFT,NSE,BSOFT.NS
BURGERKING,BURGER KING INDIA,NSE,BURGERKING.NS
BURNPUR-BE,BURNPUR CEMENT.,NSE,BURNPUR-BE.NS
BUTTERFLY-BE,BTRFLY GANDHI APPL,NSE,BUTTERFLY-BE.NS
BVCL-BE,BARAK VALLEY CEM..,NSE,BVCL-BE.NS
BYKE,THE BYKE HOSPITALITY,NSE,BYKE.NS
CADILAHC,CADILA HEALTHCARE,NSE,CADILAHC.NS
CALSOFT-BE,CALIFORNIA SOFTWARE CO LT,NSE,CALSOFT-BE.NS
CAMLINFINE,CAMLIN FINE SCIENCES,NSE,CAMLINFINE.NS
CAMS,COMPUTER AGE MNGT SER,NSE,CAMS.NS
CANBK,CANARA BANK,NSE,CANBK.NS
CANFINHOME,CAN FIN HOMES,NSE,CANFINHOME.NS
CANTABIL,CANTABIL RETAIL,NSE,CANTABIL.NS
CAPACITE,CAPACITE INFRAPROJECT,NSE,CAPACITE.NS
CAPLIPOINT,CAPLIN POINT LAB.,NSE,CAPLIPOINT.NS
CAPTRUST,CAPITAL TRUST,NSE,CAPTRUST.NS
CARBORUNIV,CARBORUNDUM UNIVERSAL,NSE,CARBORUNIV.NS
CAREERP,CAREER POINT,NSE,CAREERP.NS
CARERATING,CARE RATINGS,NSE,CARERATING.NS
CARTRADE,CARTRADE TECH,NSE,CARTRADE.NS
CASTROLIND,CASTROL INDIA,NSE,CASTROLIND.NS
CCCL-BE,CONS. CONST. CONSORT,NSE,CCCL-BE.NS
CCHHL-BE,COUNTRY CLUB HOSP HOL,NSE,CCHHL-BE.NS
CCL,CCL PRODUCTS (I),NSE,CCL.NS
CDSL-BE,CENTRAL DEPO SER (I),NSE,CDSL-BE.NS
CEATLTD,CEAT,NSE,CEATLTD.NS
CEBBCO-BE,COMMERCIAL ENG & CO.,NSE,CEBBCO-BE.NS
CELEBRITY,CELEBRITY FASHIONS,NSE,CELEBRITY.NS
CENTENKA,CENTURY ENKA,NSE,CENTENKA.NS
CENTEXT,CENTURY EXTRUSIONS,NSE,CENTEXT.NS
CENTRALBK,CENTRAL BANK OF INDIA,NSE,CENTRALBK.NS
CENTRUM,CENTRUM CAPITAL,NSE,CENTRUM.NS
CENTUM,CENTUM ELECTRONICS,NSE,CENTUM.NS
CENTURYPLY,CENTURY PLYBOARDS (I),NSE,CENTURYPLY.NS
CENTURYTEX,CENTURY TEXTILES,NSE,CENTURYTEX.NS
CERA,CERA SANITARYWARE,NSE,CERA.NS
CEREBRAINT,CEREBRA INT TECH,NSE,CEREBRAINT.NS
CESC,CESC,NSE,CESC.NS
CGCL,CAPRI GLOBAL CAPITAL,NSE,CGCL.NS
CGPOWER-BE,CG POWER AND IND SOL,NSE,CGPOWER-BE.NS
CHALET,CHALET HOTELS,NSE,CHALET.NS
CHAMBLFERT,CHAMBAL FERTILIZERS,NSE,CHAMBLFERT.NS
CHEMBOND,CHEMBOND CHEMICALS,NSE,CHEMBOND.NS
CHEMCON,CHEMCON SPECIAL CHEM,NSE,CHEMCON.NS
CHEMFAB,CHEMFAB ALKALIS,NSE,CHEMFAB.NS
CHEMPLASTS,CHEMPLAST SANMAR,NSE,CHEMPLASTS.NS
CHENNPETRO,CHENNAI PETROLEUM CORP LT,NSE,CHENNPETRO.NS
CHOLAFIN,CHOLAMANDALAM IN & FIN CO,NSE,CHOLAFIN.NS
CHOLAHLDNG,CHOLAMANDALAM FIN HOL,NSE,CHOLAHLDNG.NS
CIGNITITEC,CIGNITI TECHNOLOGIES,NSE,CIGNITITEC.NS
CINELINE-BE,CINELINE INDIA,NSE,CINELINE-BE.NS
CINEVISTA-BE,CINEVISTA,NSE,CINEVISTA-BE.NS
CIPLA,CIPLA,NSE,CIPLA.NS
CLEAN,CLEAN SCIENCE & TECH,NSE,CLEAN.NS
CLEDUCATE,CL EDUCATE,NSE,CLEDUCATE.NS
CLNINDIA,CLARIANT CHEMICALS (INDIA,NSE,CLNINDIA.NS
CLSEL,CHAMAN LAL SETIA EXP,NSE,CLSEL.NS
CMICABLES,CMI,NSE,CMICABLES.NS
COALINDIA,COAL INDIA,NSE,COALINDIA.NS
COCHINSHIP,COCHIN SHIPYARD,NSE,COCHINSHIP.NS
COFFEEDAY,COFFEE DAY ENTERPRISE,NSE,COFFEEDAY.NS
COFORGE,COFORGE,NSE,COFORGE.NS
COLPAL,COLGATE PALMOLIVE.,NSE,COLPAL.NS
COMPINFO,COMPUAGE INFOCOM,NSE,COMPINFO.NS
COMPUSOFT,COMPUCOM SOFTWARE,NSE,COMPUSOFT.NS
CONCOR,CONTAINER CORP OF IND,NSE,CONCOR.NS
CONFIPET,CONFIDENCE PETRO IND.,NSE,CONFIPET.NS
CONSOFINVT,CONSO. FIN. & HOLD..,NSE,CONSOFINVT.NS
CONTROLPR,CONTROL PRINT,NSE,CONTROLPR.NS
CORALFINAC,CORAL INDIA FIN & HOUS LT,NSE,CORALFINAC.NS
CORDSCABLE,CORDS CABLE INDUS.,NSE,CORDSCABLE.NS
COROMANDEL,COROMANDEL INTERNTL.,NSE,COROMANDEL.NS
COSMOFILMS,COSMO FILMS,NSE,COSMOFILMS.NS
COUNCODOS,COUNTRY CONDO'S,NSE,COUNCODOS.NS
CPSEETF,CPSE ETF,NSE,CPSEETF.NS
CRAFTSMAN,CRAFTSMAN AUTOMATION,NSE,CRAFTSMAN.NS
CREATIVE-BE,CREATIVE PERI & DIST.,NSE,CREATIVE-BE.NS
CREATIVEYE,CREATIVE EYE,NSE,CREATIVEYE.NS
CREDITACC,CREDITACCESS GRAMEEN,NSE,CREDITACC.NS
CREST-BE,CREST VENTURES,NSE,CREST-BE.NS
CRISIL,CRISIL,NSE,CRISIL.NS
CROMPTON,CROMPT GREA CON ELEC,NSE,CROMPTON.NS
CSBBANK,CSB BANK,NSE,CSBBANK.NS
CTE,CAMBRIDGE TECH ENTER,NSE,CTE.NS
CUB,CITY UNION BANK,NSE,CUB.NS
CUBEXTUB,CUBEX TUBINGS,NSE,CUBEXTUB.NS
CUMMINSIND,CUMMINS INDIA,NSE,CUMMINSIND.NS
CUPID,CUPID,NSE,CUPID.NS
CYBERMEDIA-BE,CYBER MEDIA (INDIA).,NSE,CYBERMEDIA-BE.NS
CYBERTECH,CYBERTECH SYSTEMS & SOFTW,NSE,CYBERTECH.NS
CYIENT,CYIENT,NSE,CYIENT.NS
DAAWAT,LT FOODS,NSE,DAAWAT.NS
DABUR,DABUR INDIA,NSE,DABUR.NS
DALALSTCOM-BE,DSJ KEEP LEARNING,NSE,DALALSTCOM-BE.NS
DALBHARAT,DALMIA BHARAT,NSE,DALBHARAT.NS
DALMIASUG,DALMIA BHARAT SUG IN,NSE,DALMIASUG.NS
DAMODARIND-BE,DAMODAR INDUSTRIES,NSE,DAMODARIND-BE.NS
DANGEE,DANGEE DUMS,NSE,DANGEE.NS
DATAMATICS,DATAMATICS GLOBAL SER,NSE,DATAMATICS.NS
DBCORP,D.B.CORP,NSE,DBCORP.NS
DBL,DILIP BUILDCON,NSE,DBL.NS
DBREALTY,D B REALTY,NSE,DBREALTY.NS
DBSTOCKBRO-BE,DB (INT) STOCK BROKERS,NSE,DBSTOCKBRO-BE.NS
DCAL,DISHMAN CARBO AMCIS,NSE,DCAL.NS
DCBBANK,DCB BANK,NSE,DCBBANK.NS
DCM-BE,DCM,NSE,DCM-BE.NS
DCMFINSERV-BE,DCM FINANCIAL SERVICES LT,NSE,DCMFINSERV-BE.NS
DCMNVL,DCM NOUVELLE,NSE,DCMNVL.NS
DCMSHRIRAM,DCM SHRIRAM,NSE,DCMSHRIRAM.NS
DCW,DCW,NSE,DCW.NS
DECCANCE,DECCAN CEMENTS,NSE,DECCANCE.NS
DEEPAKFERT-BE,DEEPAK FERTILIZERS DEPO,NSE,DEEPAKFERT-BE.NS
DEEPAKNTR,DEEPAK NITRITE,NSE,DEEPAKNTR.NS
DEEPENR-BE,DEEP ENE RESOURCES,NSE,DEEPENR-BE.NS
DEEPINDS,DEEP INDUSTRIES,NSE,DEEPINDS.NS
DELTACORP,DELTA CORP,NSE,DELTACORP.NS
DELTAMAGNT,DELTA MANUFACTURING,NSE,DELTAMAGNT.NS
DEN,DEN NETWORKS,NSE,DEN.NS
DENORA,DE NORA INDIA,NSE,DENORA.NS
DEVYANI,DEVYANI INTERNATIONAL,NSE,DEVYANI.NS
DFMFOODS,DFM FOODS,NSE,DFMFOODS.NS
DGCONTENT-BE,DIGICONTENT,NSE,DGCONTENT-BE.NS
DHAMPURSUG,DHAMPUR SUGAR MILLS.,NSE,DHAMPURSUG.NS
DHANBANK,DHANLAXMI BANK,NSE,DHANBANK.NS
DHANI,DHANI SERVICES,NSE,DHANI.NS
DHANUKA,DHANUKA AGRITECH,NSE,DHANUKA.NS
DHARSUGAR-BE,DHARANISUGARS &CHEMICALS,NSE,DHARSUGAR-BE.NS
DHUNINV,DHUNSERI INVESTMENTS,NSE,DHUNINV.NS
DIAMONDYD,PRATAAP SNACKS,NSE,DIAMONDYD.NS
DICIND,DIC INDIA,NSE,DICIND.NS
DIGISPICE-BE,DIGISPICE TECHNOLOGIES LT,NSE,DIGISPICE-BE.NS
DISHTV,DISH TV INDIA.,NSE,DISHTV.NS
DIVISLAB,DIVI'S LABORATORIES,NSE,DIVISLAB.NS
DIXON,DIXON TECHNO (INDIA),NSE,DIXON.NS
DLF,DLF,NSE,DLF.NS
DLINKINDIA,D-LINK INDIA,NSE,DLINKINDIA.NS
DMART,AVENUE SUPERMARTS,NSE,DMART.NS
DNAMEDIA,DILIGENT MEDIA CORP.,NSE,DNAMEDIA.NS
DODLA,DODLA DAIRY,NSE,DODLA.NS
DOLAT,DOLAT INVESTMENTS,NSE,DOLAT.NS
DOLLAR,DOLLAR INDUSTRIES,NSE,DOLLAR.NS
DONEAR,DONEAR IND.,NSE,DONEAR.NS
DPABHUSHAN,D. P. ABHUSHAN,NSE,DPABHUSHAN.NS
DPSCLTD,DPSC,NSE,DPSCLTD.NS
DPWIRES,D P WIRES,NSE,DPWIRES.NS
DRCSYSTEMS,DRC SYSTEMS INDIA,NSE,DRCSYSTEMS.NS
DREDGECORP,DREDGING CORP OF INDIA,NSE,DREDGECORP.NS
DRREDDY,DR. REDDY'S LABORATORIES,NSE,DRREDDY.NS
DSSL,DYNACONS SYS & SOLN,NSE,DSSL.NS
DTIL,DHUNSERI TEA & IND..,NSE,DTIL.NS
DUCON-BE,DUCON INFRATECHNOLOGIES L,NSE,DUCON-BE.NS
DVL,DHUNSERI VENTURES,NSE,DVL.NS
DWARKESH,DWARIKESH SUGAR IND,NSE,DWARKESH.NS
DYNAMATECH,DYNAMATIC TECHNOLOGIES,NSE,DYNAMATECH.NS
DYNPRO,DYNEMIC PRODUCTS,NSE,DYNPRO.NS
EASEMYTRIP,EASY TRIP PLANNERS,NSE,EASEMYTRIP.NS
EASTSILK,EASTERN SILK INDUSTRIES L,NSE,EASTSILK.NS
EBBETF0423,EDELAMC - EBBETF0423,NSE,EBBETF0423.NS
EBBETF0425,EDELAMC - EBBETF0425,NSE,EBBETF0425.NS
EBBETF0430,EDELAMC - EBBETF0430,NSE,EBBETF0430.NS
EBBETF0431,EDELAMC - EBBETF0431,NSE,EBBETF0431.NS
ECLERX-BE,ECLERX SERVICES,NSE,ECLERX-BE.NS
EDELWEISS,EDELWEISS FIN SERV,NSE,EDELWEISS.NS
EICHERMOT,EICHER MOTORS,NSE,EICHERMOT.NS
EIDPARRY,EID PARRY INDIA,NSE,EIDPARRY.NS
EIHAHOTELS,EIH ASSOCIATED HOTELS,NSE,EIHAHOTELS.NS
EIHOTEL,EIH,NSE,EIHOTEL.NS
EIMCOELECO,EIMCO ELECON (INDIA),NSE,EIMCOELECO.NS
EKC-BE,EVEREST KANTO CYLINDERLTD,NSE,EKC-BE.NS
ELECON,ELECON ENG. CO.,NSE,ELECON.NS
ELECTCAST,ELECTROSTEEL CASTINGS,NSE,ELECTCAST.NS
ELECTHERM,ELECTROTHERM (I).,NSE,ELECTHERM.NS
ELGIEQUIP,ELGI EQUIPMENTS,NSE,ELGIEQUIP.NS
ELGIRUBCO,ELGI RUBBER CO.,NSE,ELGIRUBCO.NS
EMAMILTD,EMAMI,NSE,EMAMILTD.NS
EMAMIPAP,EMAMI PAPER MILLS,NSE,EMAMIPAP.NS
EMAMIREAL,EMAMI REALTY,NSE,EMAMIREAL.NS
EMKAY,EMKAY GLOBAL FIN SERV,NSE,EMKAY.NS
EMMBI,EMMBI INDUSTRIES,NSE,EMMBI.NS
ENDURANCE,ENDURANCE TECHNO..,NSE,ENDURANCE.NS
ENERGYDEV,ENERGY DEVE. CO.LTD,NSE,ENERGYDEV.NS
ENGINERSIN,ENGINEERS INDIA,NSE,ENGINERSIN.NS
ENIL,ENTERTAIN NET. IND..,NSE,ENIL.NS
EPL,EPL,NSE,EPL.NS
EQUITAS,EQUITAS HOLDINGS,NSE,EQUITAS.NS
EQUITASBNK,EQUITAS SMALL FIN BNK,NSE,EQUITASBNK.NS
ERIS,ERIS LIFESCIENCES,NSE,ERIS.NS
EROSMEDIA,EROS INTL MEDIA,NSE,EROSMEDIA.NS
ESABINDIA,ESAB INDIA,NSE,ESABINDIA.NS
ESCORTS,ESCORTS INDIA,NSE,ESCORTS.NS
ESSARSHPNG,ESSAR SHIPPING,NSE,ESSARSHPNG.NS
ESTER,ESTER INDUSTRIES,NSE,ESTER.NS
EVEREADY,EVEREADY INDS. IND. .,NSE,EVEREADY.NS
EVERESTIND,EVEREST INDUSTRIES,NSE,EVERESTIND.NS
EXCEL-BE,EXCEL REALTY N INFRA,NSE,EXCEL-BE.NS
EXCELINDUS,EXCEL INDUSTRIES,NSE,EXCELINDUS.NS
EXIDEIND,EXIDE INDUSTRIES,NSE,EXIDEIND.NS
EXPLEOSOL-BE,EXPLEO SOLUTIONS,NSE,EXPLEOSOL-BE.NS
EXXARO-BE,EXXARO TILES,NSE,EXXARO-BE.NS
FACT,FACT,NSE,FACT.NS
FAIRCHEMOR,FAIRCHEM ORGANICS,NSE,FAIRCHEMOR.NS
FCL,FINEOTEX CHEMICAL,NSE,FCL.NS
FCONSUMER,FUTURE CONSUMER,NSE,FCONSUMER.NS
FCSSOFT-BE,FCS SOFTWARE SOLN..,NSE,FCSSOFT-BE.NS
FDC,FDC,NSE,FDC.NS
FEDERALBNK,FEDERAL BANK,NSE,FEDERALBNK.NS
FEL,FUTURE ENTERPRISES,NSE,FEL.NS
FELDVR,FUTURE ENTERPRISES,NSE,FELDVR.NS
FIEMIND,FIEM INDUSTRIES,NSE,FIEMIND.NS
FILATEX,FILATEX INDIA,NSE,FILATEX.NS
FINCABLES,FINOLEX CABLES,NSE,FINCABLES.NS
FINEORG,FINE ORGANIC IND..,NSE,FINEORG.NS
FINPIPE,FINOLEX INDUSTRIES,NSE,FINPIPE.NS
FLEXITUFF,FLEXITUFF VENTURES INT L,NSE,FLEXITUFF.NS
FLFL,FUT LIFESTYLE FASH,NSE,FLFL.NS
FLUOROCHEM,GUJARAT FLUOROCHEM,NSE,FLUOROCHEM.NS
FMGOETZE,FEDERAL-MOGUL GOETZE (IND,NSE,FMGOETZE.NS
FMNL,FUTURE MKT NETWORKS,NSE,FMNL.NS
FORCEMOT,FORCE MOTORS,NSE,FORCEMOT.NS
FORTIS,FORTIS HEALTHCARE,NSE,FORTIS.NS
FOSECOIND,FOSECO INDIA,NSE,FOSECOIND.NS
FRETAIL,FUTURE RETAIL,NSE,FRETAIL.NS
FSC,FUTURE SUPP CHAIN SOL,NSE,FSC.NS
FSL,FIRSTSOURCE SOLU..,NSE,FSL.NS
GABRIEL,GABRIEL INDIA,NSE,GABRIEL.NS
GAEL,GUJARAT AMBUJA EXPORTS LT,NSE,GAEL.NS
GAIL,GAIL (INDIA),NSE,GAIL.NS
GAL,GYSCOAL ALLOYS,NSE,GAL.NS
GALAXYSURF,GALAXY SURFACTANTS,NSE,GALAXYSURF.NS
GALLANTT,GALLANTT METAL,NSE,GALLANTT.NS
GALLISPAT,GALLANTT ISPAT,NSE,GALLISPAT.NS
GANDHITUBE,GANDHI SPL. TUBES,NSE,GANDHITUBE.NS
GANECOS,GANESHA ECOSPHERE,NSE,GANECOS.NS
GANESHHOUC,GANESH HOUSING CORP,NSE,GANESHHOUC.NS
GANGAFORGE,GANGA FORGING,NSE,GANGAFORGE.NS
GANGESSECU,GANGES SECURITIES,NSE,GANGESSECU.NS
GANGOTRI-BE,GANGOTRI TEXTILES.,NSE,GANGOTRI-BE.NS
GARFIBRES,GARWARE TECH FIBRES,NSE,GARFIBRES.NS
GATI,GATI,NSE,GATI.NS
GAYAHWS-BE,GAYATRI HIGHWAYS,NSE,GAYAHWS-BE.NS
GAYAPROJ,GAYATRI PROJECTS,NSE,GAYAPROJ.NS
GDL-BE,GATEWAY DISTRIPARKS.,NSE,GDL-BE.NS
GEECEE,GEECEE VENTURES,NSE,GEECEE.NS
GEEKAYWIRE,GEEKAY WIRES,NSE,GEEKAYWIRE.NS
GENCON,GENERIC ENG CONS PROJ,NSE,GENCON.NS
GENESYS,GENESYS INTL CORPN,NSE,GENESYS.NS
GENUSPAPER-BE,GENUS P&B,NSE,GENUSPAPER-BE.NS
GENUSPOWER,GENUS POWER INFRASTRU,NSE,GENUSPOWER.NS
GEOJITFSL,GEOJIT FINANCIAL SER L,NSE,GEOJITFSL.NS
GEPIL,GE POWER INDIA,NSE,GEPIL.NS
GESHIP,THE GE SHPG.LTD,NSE,GESHIP.NS
GET&D,GE T&D INDIA,NSE,GET&D.NS
GFLLIMITED,GFL,NSE,GFLLIMITED.NS
GFSTEELS-BE,GRAND FOUNDRY,NSE,GFSTEELS-BE.NS
GHCL,GHCL,NSE,GHCL.NS
GICHSGFIN,GIC HOUSING FINANCE,NSE,GICHSGFIN.NS
GICRE,GENERAL INS CORP OF INDIA,NSE,GICRE.NS
GILLANDERS-BE,GILLANDERS ARBUTHNOT,NSE,GILLANDERS-BE.NS
GILLETTE,GILLETTE INDIA,NSE,GILLETTE.NS
GINNIFILA,GINNI FILAMENTS,NSE,GINNIFILA.NS
GIPCL,GUJ IND POW CO.,NSE,GIPCL.NS
GISOLUTION-BE,GI ENGINEERING SOLNS,NSE,GISOLUTION-BE.NS
GKWLIMITED,GKW,NSE,GKWLIMITED.NS
GLAND,GLAND PHARMA,NSE,GLAND.NS
GLAXO,GLAXOSMITHKLINE PHARMA LT,NSE,GLAXO.NS
GLENMARK,GLENMARK PHARMACEUTICALS,NSE,GLENMARK.NS
GLFL,GUJARAT LEASE FINANCING L,NSE,GLFL.NS
GLOBAL,GLOBAL EDUCATION,NSE,GLOBAL.NS
GLOBALVECT,GLOBAL VEC HELICORP,NSE,GLOBALVECT.NS
GLOBE-BE,GLOBE TEXTILES (I).,NSE,GLOBE-BE.NS
GLOBUSSPR-BE,GLOBUS SPIRITS,NSE,GLOBUSSPR-BE.NS
GLS,GLENMARK LIFE SCIENCE,NSE,GLS.NS
GMBREW,G M BREWERIES,NSE,GMBREW.NS
GMDCLTD,GUJARAT MINERAL DEV CORP,NSE,GMDCLTD.NS
GMMPFAUDLR,GMM PFAUDLER,NSE,GMMPFAUDLR.NS
GMRINFRA,GMR INFRASTRUCTURE.,NSE,GMRINFRA.NS
GNA,GNA AXLES,NSE,GNA.NS
GNFC,GUJ NAR VAL FER & CHEM L,NSE,GNFC.NS
GOACARBON,GOA CARBON,NSE,GOACARBON.NS
GOCLCORP,GOCL CORPORATION,NSE,GOCLCORP.NS
GODFRYPHLP,GODFREY PHILLIPS INDIA LT,NSE,GODFRYPHLP.NS
GODHA-BE,GODHA CABCON INSULAT,NSE,GODHA-BE.NS
GODREJAGRO,GODREJ AGROVET,NSE,GODREJAGRO.NS
GODREJCP,GODREJ CONSUMER PRODUCTS,NSE,GODREJCP.NS
GODREJIND,GODREJ INDUSTRIES,NSE,GODREJIND.NS
GODREJPROP,GODREJ PROPERTIES,NSE,GODREJPROP.NS
GOKEX,GOKALDAS EXPORTS.,NSE,GOKEX.NS
GOKUL,GOKUL REFOILS & SOLV,NSE,GOKUL.NS
GOKULAGRO,GOKUL AGRO RESOURCES,NSE,GOKULAGRO.NS
GOLDBEES,NIP IND ETF GOLD BEES,NSE,GOLDBEES.NS
GOLDENTOBC,GOLDEN TOBACCO,NSE,GOLDENTOBC.NS
GOLDIAM,GOLDIAM INTERNATIONAL,NSE,GOLDIAM.NS
GOLDSHARE,UTI GOLD ETF,NSE,GOLDSHARE.NS
GOLDTECH,GOLDSTONE TECHNOLOGIES LT,NSE,GOLDTECH.NS
GOODLUCK,GOODLUCK INDIA,NSE,GOODLUCK.NS
GOODYEAR,GOODYEAR INDIA,NSE,GOODYEAR.NS
GPIL-BE,GODAWARI POW & ISP,NSE,GPIL-BE.NS
GPPL,GUJARAT PIPAVAV PORT,NSE,GPPL.NS
GPTINFRA,GPT INFRAPROJECTS,NSE,GPTINFRA.NS
GRANULES,GRANULES INDIA,NSE,GRANULES.NS
GRAPHITE,GRAPHITE INDIA,NSE,GRAPHITE.NS
GRASIM,GRASIM INDUSTRIES,NSE,GRASIM.NS
GRAUWEIL,GRAUER & WEIL IND,NSE,GRAUWEIL.NS
GRAVITA,GRAVITA INDIA,NSE,GRAVITA.NS
GREAVESCOT,GREAVES COTTON.,NSE,GREAVESCOT.NS
GREENLAM,GREENLAM INDUSTRIES.,NSE,GREENLAM.NS
GREENPANEL-BE,GREENPANEL INDUSTRIES,NSE,GREENPANEL-BE.NS
GREENPLY,GREENPLY INDUSTRIES,NSE,GREENPLY.NS
GREENPOWER,ORIENT GREEN POWER CO,NSE,GREENPOWER.NS
GRINDWELL,GRINDWELL NORTON,NSE,GRINDWELL.NS
GRINFRA,G R INFRAPROJECTS,NSE,GRINFRA.NS
GROBTEA,THE GROB TEA COMPANY,NSE,GROBTEA.NS
GRPLTD,GRP,NSE,GRPLTD.NS
GRSE,GARDEN REACH SHIP&ENG,NSE,GRSE.NS
GSCLCEMENT,GUJARAT SIDHEE CEM..,NSE,GSCLCEMENT.NS
GSFC,GUJ STATE FERT & CHEM,NSE,GSFC.NS
GSPL,GUJARAT STATE PETRO,NSE,GSPL.NS
GSS,GSS INFOTECH,NSE,GSS.NS
GTL-BE,GTL,NSE,GTL-BE.NS
GTLINFRA-BE,GTL INFRA.LTD,NSE,GTLINFRA-BE.NS
GTNTEX,GTN TEXTILES,NSE,GTNTEX.NS
GTPL,GTPL HATHWAY,NSE,GTPL.NS
GUFICBIO,GUFIC BIOSCIENCES.,NSE,GUFICBIO.NS
GUJALKALI,GUJARAT ALKALIES & CHEM,NSE,GUJALKALI.NS
GUJAPOLLO,GUJ. APOLLO IND..,NSE,GUJAPOLLO.NS
GUJGASLTD,GUJARAT GAS,NSE,GUJGASLTD.NS
GUJRAFFIA-BE,GUJARAT RAFFIA INDUST,NSE,GUJRAFFIA-BE.NS
GULFOILLUB,GULF OIL LUB. IND..,NSE,GULFOILLUB.NS
GULFPETRO,GP PETROLEUMS,NSE,GULFPETRO.NS
GULPOLY-BE,GULSHAN POLYOLS,NSE,GULPOLY-BE.NS
HAL,HINDUSTAN AERONAUTICS,NSE,HAL.NS
HAPPSTMNDS,HAPPIEST MINDS TECHNO,NSE,HAPPSTMNDS.NS
HARRMALAYA,HARRISON MALAYALAM,NSE,HARRMALAYA.NS
HATHWAY,HATHWAY CABLE & DATACOM,NSE,HATHWAY.NS
HATSUN,HATSUN AGRO PRODUCT.,NSE,HATSUN.NS
HAVELLS,HAVELLS INDIA,NSE,HAVELLS.NS
HAVISHA-BE,SRI HAVISHA HOSP & INFR L,NSE,HAVISHA-BE.NS
HBANKETF,HDFCAMC - HBANKETF,NSE,HBANKETF.NS
HBLPOWER,HBL POWER SYSTEMS.,NSE,HBLPOWER.NS
HBSL,HB STOCKHOLDINGS,NSE,HBSL.NS
HCC,HINDUSTAN CONSTRUCTION CO,NSE,HCC.NS
HCG,HEALTHCARE GLOB. ENT.,NSE,HCG.NS
HCL-INSYS,HCL INFOSYSTEMS,NSE,HCL-INSYS.NS
HCLTECH,HCL TECHNOLOGIES,NSE,HCLTECH.NS
HDFC,HDFC,NSE,HDFC.NS
HDFCAMC,HDFC AMC,NSE,HDFCAMC.NS
HDFCBANK,HDFC BANK,NSE,HDFCBANK.NS
HDFCLIFE,HDFC LIFE INS CO,NSE,HDFCLIFE.NS
HDFCMFGETF,HDFC GOLD ETF,NSE,HDFCMFGETF.NS
HDFCNIFETF,HDFCAMC - HDFCNIFETF,NSE,HDFCNIFETF.NS
HDFCSENETF,HDFCAMC - HDFCSENETF,NSE,HDFCSENETF.NS
HEG,HEG,NSE,HEG.NS
HEIDELBERG,HEIDELBERGCEMENT (I),NSE,HEIDELBERG.NS
HEMIPROP,HEMISPHERE PROP IND,NSE,HEMIPROP.NS
HERANBA,HERANBA INDUSTRIES,NSE,HERANBA.NS
HERCULES,HERCULES HOI..,NSE,HERCULES.NS
HERITGFOOD,HERITAGE FOODS,NSE,HERITGFOOD.NS
HEROMOTOCO,HERO MOTOCORP,NSE,HEROMOTOCO.NS
HESTERBIO,HESTER BIOSCIENCES,NSE,HESTERBIO.NS
HEXATRADEX-BE,HEXA TRADEX,NSE,HEXATRADEX-BE.NS
HFCL-BE,HFCL,NSE,HFCL-BE.NS
HGINFRA,H.G.INFRA ENGINEERING,NSE,HGINFRA.NS
HGS-BE,HINDUJA GLOBAL SOLS..,NSE,HGS-BE.NS
HIKAL,HIKAL,NSE,HIKAL.NS
HIL,HIL,NSE,HIL.NS
HILTON,HILTON METAL FORGING,NSE,HILTON.NS
HIMATSEIDE-BE,HIMATSIN SEIDE-DEPO SETT,NSE,HIMATSEIDE-BE.NS
HINDALCO,HINDALCO  INDUSTRIES ,NSE,HINDALCO.NS
HINDCOMPOS,HINDUSTAN COMPOSITES.,NSE,HINDCOMPOS.NS
HINDCON,HINDCON CHEMICALS,NSE,HINDCON.NS
HINDCOPPER,HINDUSTAN COPPER,NSE,HINDCOPPER.NS
HINDMOTORS,HINDUSTAN MOTORS,NSE,HINDMOTORS.NS
HINDNATGLS-BE,HIND NATL GLASS & IND,NSE,HINDNATGLS-BE.NS
HINDOILEXP,HINDUSTAN OIL EXPLORATION,NSE,HINDOILEXP.NS
HINDPETRO,HINDUSTAN PETROLEUM CORP,NSE,HINDPETRO.NS
HINDUNILVR,HINDUSTAN UNILEVER.,NSE,HINDUNILVR.NS
HINDZINC,HINDUSTAN ZINC,NSE,HINDZINC.NS
HIRECT,HIND RECTIFIER,NSE,HIRECT.NS
HISARMETAL,HISAR METAL IND.,NSE,HISARMETAL.NS
HITECH,HI-TECH PIPES,NSE,HITECH.NS
HITECHCORP,HITECH CORPORATION,NSE,HITECHCORP.NS
HITECHGEAR,THE HI-TECH GEARS,NSE,HITECHGEAR.NS
HLEGLAS,HLE GLASCOAT,NSE,HLEGLAS.NS
HLVLTD,HLV,NSE,HLVLTD.NS
HMVL,HINDUSTAN MEDIA VENT,NSE,HMVL.NS
HNDFDS-BE,HINDUSTAN FOODS,NSE,HNDFDS-BE.NS
HNGSNGBEES,NIP IND ETF HANGSENG BEES,NSE,HNGSNGBEES.NS
HOMEFIRST,HOME FIRST FIN CO IND,NSE,HOMEFIRST.NS
HONAUT,HONEYWELL AUTOMATION IND,NSE,HONAUT.NS
HONDAPOWER,HONDA I POWER PRODUCT,NSE,HONDAPOWER.NS
HOTELRUGBY-BE,HOTEL RUGBY,NSE,HOTELRUGBY.NS
HOVS-BE,HOV SERVICES,NSE,HOVS-BE.NS
HPL,HPL ELECTRIC & POWER,NSE,HPL.NS
HSCL,HIMADRI SPECIALITY CHEM L,NSE,HSCL.NS
HSIL,HSIL,NSE,HSIL.NS
HTMEDIA,HT MEDIA,NSE,HTMEDIA.NS
HUBTOWN-BE,HUBTOWN,NSE,HUBTOWN-BE.NS
HUDCO,HSG & URBAN DEV CORPN,NSE,HUDCO.NS
HUHTAMAKI,HUHTAMAKI INDIA,NSE,HUHTAMAKI.NS
IBREALEST,INDIABULLS REAL EST.,NSE,IBREALEST.NS
IBULHSGFIN,INDIABULLS HSG FIN,NSE,IBULHSGFIN.NS
ICDSLTD-BE,ICDSLTD,NSE,ICDSLTD-BE.NS
ICEMAKE,ICE MAKE REFRIGERAT,NSE,ICEMAKE.NS
ICICI500,ICICIPRAMC - ICICI500,NSE,ICICI500.NS
ICICIALPLV,ICICIPRAMC - ICICIALPLV,NSE,ICICIALPLV.NS
ICICIB22,ICICIPRAMC - BHARATIWIN,NSE,ICICIB22.NS
ICICIBANK,ICICI BANK.,NSE,ICICIBANK.NS
ICICIBANKN,ICICIPRAMC - IPRU5008,NSE,ICICIBANKN.NS
ICICIBANKP,ICICIPRAMC - ICICIBANKP,NSE,ICICIBANKP.NS
ICICIFMCG,ICICIPRAMC - ICICIFMCG,NSE,ICICIFMCG.NS
ICICIGI,ICICI LOMBARD GIC,NSE,ICICIGI.NS
ICICIGOLD,ICICI PRUDENTIAL GOLD ETF,NSE,ICICIGOLD.NS
ICICILIQ,ICICIPRAMC - ICICILIQ,NSE,ICICILIQ.NS
ICICILOVOL,ICICI PR NIF LW VL 30 ETF,NSE,ICICILOVOL.NS
ICICIM150,ICICIPRAMC - ICICIM150,NSE,ICICIM150.NS
ICICIMCAP,ICICI PRUD MIDCAP SEL ETF,NSE,ICICIMCAP.NS
ICICINV20,ICICI PRUDENTIAL NV20 ETF,NSE,ICICINV20.NS
ICICINXT50,ICICIPRAMC - ICICINXT50,NSE,ICICINXT50.NS
ICICIPHARM,ICICIPRAMC - ICICIPHARM,NSE,ICICIPHARM.NS
ICICIPRULI,ICICI PRU LIFE INS CO,NSE,ICICIPRULI.NS
ICICISENSX,ICICI PRUD SENSEX ETF,NSE,ICICISENSX.NS
ICICITECH,ICICIPRAMC - ICICITECH,NSE,ICICITECH.NS
ICIL,INDO COUNT INDUSTRIES,NSE,ICIL.NS
ICRA,ICRA,NSE,ICRA.NS
IDBI,IDBI BANK,NSE,IDBI.NS
IDBIGOLD,IDBI MF - IDBI GOLD ETF,NSE,IDBIGOLD.NS
IDEA,VODAFONE IDEA,NSE,IDEA.NS
IDFC,IDFC,NSE,IDFC.NS
IDFCFIRSTB,IDFC FIRST BANK,NSE,IDFCFIRSTB.NS
IEX,INDIAN ENERGY EXC,NSE,IEX.NS
IFBAGRO,IFB AGRO INDUSTRIES,NSE,IFBAGRO.NS
IFBIND,IFB INDUSTRIES,NSE,IFBIND.NS
IFCI,IFCI,NSE,IFCI.NS
IFGLEXPOR,IFGL REFRACTORIES,NSE,IFGLEXPOR.NS
IGARASHI,IGARASHI MOTORS INDIA,NSE,IGARASHI.NS
IGL,INDRAPRASTHA GAS,NSE,IGL.NS
IGPL,I G PETROCHEMICALS,NSE,IGPL.NS
IIFL-BE,IIFL FINANCE,NSE,IIFL-BE.NS
IIFLSEC,IIFL SECURITIES,NSE,IIFLSEC.NS
IIFLWAM,IIFL WEALTH MGMT,NSE,IIFLWAM.NS
IITL,INDUSTRIAL INV TRUST,NSE,IITL.NS
IMAGICAA,IMAGICAAWORLD ENT,NSE,IMAGICAA.NS
IMFA-BE,INDIAN METALS & FERRO,NSE,IMFA-BE.NS
IMPAL,IND MOTOR PART & ACC,NSE,IMPAL.NS
IMPEXFERRO-BE,IMPEX FERRO TECH,NSE,IMPEXFERRO-BE.NS
INCREDIBLE-BE,INCREDIBLE INDUSTRIES,NSE,INCREDIBLE-BE.NS
INDBANK,INDBANK MERCH BANK,NSE,INDBANK.NS
INDHOTEL,THE INDIAN HOTELS CO.,NSE,INDHOTEL.NS
INDIACEM,THE INDIA CEMENTS,NSE,INDIACEM.NS
INDIAGLYCO,INDIA GLYCOLS,NSE,INDIAGLYCO.NS
INDIAMART,INDIAMART INTERMESH,NSE,INDIAMART.NS
INDIANB,INDIAN BANK,NSE,INDIANB.NS
INDIANCARD-BE,INDIAN CARD,NSE,INDIANCARD-BE.NS
INDIANHUME,INDIAN HUME PIPE CO..,NSE,INDIANHUME.NS
INDIGO,INTERGLOBE AVIATION,NSE,INDIGO.NS
INDIGOPNTS,INDIGO PAINTS,NSE,INDIGOPNTS.NS
INDLMETER,IMP POWERS,NSE,INDLMETER.NS
INDNIPPON,INDIA NIPPON ELECT ,NSE,INDNIPPON.NS
INDOCO,INDOCO REMEDIES.,NSE,INDOCO.NS
INDORAMA-BE,INDO RAMA SYNTHETICS,NSE,INDORAMA-BE.NS
INDOSTAR,INDOSTAR CAPITAL FIN,NSE,INDOSTAR.NS
INDOTECH-BE,INDO TECH TRANSFORM.,NSE,INDOTECH-BE.NS
INDOTHAI,INDO THAI SEC,NSE,INDOTHAI.NS
INDOWIND-BE,INDOWIND ENERGY,NSE,INDOWIND-BE.NS
INDRAMEDCO,INDRAPRASTHA MEDICAL CORP,NSE,INDRAMEDCO.NS
INDSWFTLAB,IND SWIFT LABORATORIES LT,NSE,INDSWFTLAB.NS
INDSWFTLTD-BE,IND-SWIFT,NSE,INDSWFTLTD-BE.NS
INDTERRAIN,IND TERRAIN FASHIONS,NSE,INDTERRAIN.NS
INDUSINDBK,INDUSIND BANK,NSE,INDUSINDBK.NS
INDUSTOWER,INDUS TOWERS,NSE,INDUSTOWER.NS
INEOSSTYRO,INEOS STYROLUTION IND,NSE,INEOSSTYRO.NS
INFIBEAM,INFIBEAM AVENUES,NSE,INFIBEAM.NS
INFOBEAN-BE,INFOBEANS TECHNO..,NSE,INFOBEAN-BE.NS
INFOMEDIA-BE,INFOMEDIA PRESS,NSE,INFOMEDIA.NS
INFRABEES,NIP IND ETF INFRA BEES,NSE,INFRABEES.NS
INFY,INFOSYS,NSE,INFY.NS
INGERRAND,INGERSOLL-RAND INDIA,NSE,INGERRAND.NS
INOXLEISUR,INOX LEISURE,NSE,INOXLEISUR.NS
INOXWIND,INOX WIND,NSE,INOXWIND.NS
INSECTICID,INSECTICIDES (I),NSE,INSECTICID.NS
INSPIRISYS-BE,INSPIRISYS SOLUTIONS,NSE,INSPIRISYS-BE.NS
INTEGRA-BE,INTEGRA GARMENT & TEX,NSE,INTEGRA-BE.NS
INTELLECT,INTELLECT DESIGN ARENA,NSE,INTELLECT.NS
INTENTECH,INTENSE TECHNOLOGIES,NSE,INTENTECH.NS
INVENTURE,INVENTURE GRO & SEC,NSE,INVENTURE.NS
IOB,INDIAN OVERSEAS BANK,NSE,IOB.NS
IOC,INDIAN OIL CORP,NSE,IOC.NS
IOLCP,IOL CHEM AND PHARMA,NSE,IOLCP.NS
IPCALAB,IPCA LABORATORIES,NSE,IPCALAB.NS
IPL,INDIA PESTICIDES,NSE,IPL.NS
IRB,IRB INFRA DEV.,NSE,IRB.NS
IRCON,IRCON INTERNATIONAL,NSE,IRCON.NS
IRCTC,INDIAN RAIL TOUR CORP,NSE,IRCTC.NS
IRFC,INDIAN RAILWAY FIN CORP L,NSE,IRFC.NS
IRISDOREME-BE,IRIS CLOTHINGS,NSE,IRISDOREME-BE.NS
ISEC,ICICI SECURITIES,NSE,ISEC.NS
ISFT,INTRASOFT TECH.,NSE,ISFT.NS
ISGEC,ISGEC HEAVY ENG,NSE,ISGEC.NS
ISMTLTD-BE,ISMT,NSE,ISMTLTD-BE.NS
ITC,ITC,NSE,ITC.NS
ITDC,INDIA TOUR. DEV. CO..,NSE,ITDC.NS
ITDCEM,ITD CEMENTATION INDIA,NSE,ITDCEM.NS
ITI,ITI,NSE,ITI.NS
IVC,IL&FS INVESTMENT MANAGERS,NSE,IVC.NS
IVP,IVP,NSE,IVP.NS
IVZINGOLD,INVESCO INDIA GOLD ETF,NSE,IVZINGOLD.NS
IWEL-BE,INOX WIND ENERGY,NSE,IWEL-BE.NS
IZMO,IZMO,NSE,IZMO.NS
J&KBANK,J & K BANK.,NSE,J&KBANK.NS
JAGRAN,JAGRAN PRAKASHAN,NSE,JAGRAN.NS
JAGSNPHARM,JAGSONPAL PHARMACEUTICALS,NSE,JAGSNPHARM.NS
JAIBALAJI,JAI BALAJI INDUSTRIES,NSE,JAIBALAJI.NS
JAICORPLTD,JAI CORP,NSE,JAICORPLTD.NS
JAMNAAUTO,JAMNA AUTO IND,NSE,JAMNAAUTO.NS
JASH,JASH ENGINEERING,NSE,JASH.NS
JAYAGROGN,JAYANT AGRO ORGANICS,NSE,JAYAGROGN.NS
JAYBARMARU,JAY BHARAT MARUTI,NSE,JAYBARMARU.NS
JAYNECOIND-BE,JAYASWAL NECO INDUSTR,NSE,JAYNECOIND-BE.NS
JAYSREETEA,JAYSHREE TEA & INDUSTRIES,NSE,JAYSREETEA.NS
JBCHEPHARM,J B CHEMICALS AND PHARMA,NSE,JBCHEPHARM.NS
JBFIND-BE,JBF INDUS -DEP-LS ML,NSE,JBFIND-BE.NS
JBMA,JBM AUTO,NSE,JBMA.NS
JCHAC,JOHNSON CONTROLS HITACHI,NSE,JCHAC.NS
JHS,JHS SVEND. LAB.,NSE,JHS.NS
JIKIND-BE,JIK INDUSTRIES,NSE,JIKIND-BE.NS
JINDALPHOT,JINDAL PHOTO,NSE,JINDALPHOT.NS
JINDALPOLY,JINDAL POLY FILMS,NSE,JINDALPOLY.NS
JINDALSAW,JINDAL SAW,NSE,JINDALSAW.NS
JINDALSTEL,JINDAL STEEL & POWER,NSE,JINDALSTEL.NS
JINDCOT-BE,JINDAL COTEX,NSE,JINDCOT-BE.NS
JINDRILL,JINDAL DRILLING IND.,NSE,JINDRILL.NS
JINDWORLD,JINDAL WORLDWIDE,NSE,JINDWORLD.NS
JISLDVREQS,JAIN DVR EQUITY SHARES,NSE,JISLDVREQS.NS
JISLJALEQS,JAIN IRRIGATION SYSTEMS,NSE,JISLJALEQS.NS
JITFINFRA-BE,JITF INFRALOGISTICS,NSE,JITFINFRA-BE.NS
JKCEMENT,JK CEMENT,NSE,JKCEMENT.NS
JKIL,JKUMAR INFR.LTD.,NSE,JKIL.NS
JKLAKSHMI,JK LAKSHMI CEMENT,NSE,JKLAKSHMI.NS
JKPAPER,JK PAPER,NSE,JKPAPER.NS
JKTYRE,JK TYRE & INDUSTRIES,NSE,JKTYRE.NS
JMA,JULLUNDUR MOT AGENCY,NSE,JMA.NS
JMCPROJECT,JMC PROJECTS (I).,NSE,JMCPROJECT.NS
JMFINANCIL,JM FINANCIAL,NSE,JMFINANCIL.NS
JMTAUTOLTD,JMT AUTO,NSE,JMTAUTOLTD.NS
JOCIL,JOCIL,NSE,JOCIL.NS
JPASSOCIAT-BE,JAIPRAKASH ASSOCIATES,NSE,JPASSOCIAT-BE.NS
JPINFRATEC,JAYPEE INFRATECH,NSE,JPINFRATEC.NS
JPOLYINVST-BE,JIND POL INV & FIN CO,NSE,JPOLYINVST-BE.NS
JPPOWER,JAIPRAKASH POWER VEN.,NSE,JPPOWER.NS
JSL,JINDAL STAINLESS,NSE,JSL.NS
JSLHISAR,JINDAL STAINLESS (H),NSE,JSLHISAR.NS
JSWENERGY-BE,JSW ENERGY,NSE,JSWENERGY-BE.NS
JSWHL,JSW HOLDINGS,NSE,JSWHL.NS
JSWISPL-BE,JSW ISPAT SPE PRO,NSE,JSWISPL-BE.NS
JSWSTEEL,JSW STEEL,NSE,JSWSTEEL.NS
JTEKTINDIA,JTEKT INDIA,NSE,JTEKTINDIA.NS
JUBLFOOD,JUBILANT FOODWORKS,NSE,JUBLFOOD.NS
JUBLINDS,JUBILANT INDUSTRIES,NSE,JUBLINDS.NS
JUBLINGREA,JUBILANT INGREVIA,NSE,JUBLINGREA.NS
JUBLPHARMA,JUBILANT PHARMOVA,NSE,JUBLPHARMA.NS
JUMPNET,JUMP NETWORKS,NSE,JUMPNET.NS
JUNIORBEES,NIP IND ETF JUNIOR BEES,NSE,JUNIORBEES.NS
JUSTDIAL,JUSTDIAL.,NSE,JUSTDIAL.NS
JYOTHYLAB,JYOTHY LABS,NSE,JYOTHYLAB.NS
KABRAEXTRU,KABRA EXTRUSION TECHNIK L,NSE,KABRAEXTRU.NS
KAJARIACER,KAJARIA CERAMICS,NSE,KAJARIACER.NS
KAKATCEM,KAKATIYA CEM SUGAR &IND L,NSE,KAKATCEM.NS
KALPATPOWR,KALPATARU POWER TRANS. LT,NSE,KALPATPOWR.NS
KALYANIFRG-BE,KALYANI FORGE,NSE,KALYANIFRG-BE.NS
KALYANKJIL,KALYAN JEWELLERS IND,NSE,KALYANKJIL.NS
KAMATHOTEL,KAMAT HOTELS (I),NSE,KAMATHOTEL.NS
KAMDHENU,KAMDHENU,NSE,KAMDHENU.NS
KANANIIND-BE,KANANI INDUSTRIES,NSE,KANANIIND-BE.NS
KANORICHEM,KANORIA CHEMICALS & INDUS,NSE,KANORICHEM.NS
KANPRPLA,KANPUR PLASTIPACK,NSE,KANPRPLA.NS
KANSAINER,KANSAI NEROLAC PAINTS,NSE,KANSAINER.NS
KAPSTON-BE,KAPSTON FACILITIES MGMT L,NSE,KAPSTON-BE.NS
KARDA-BE,KARDA CONSTRUCTIONS,NSE,KARDA-BE.NS
KARMAENG-BE,KARMA ENERGY,NSE,KARMAENG-BE.NS
KARURVYSYA,KARUR VYSYA BANK,NSE,KARURVYSYA.NS
KAUSHALYA,KAUSHALYA INFRA DEV.,NSE,KAUSHALYA.NS
KAVVERITEL-BE,KAVVERI TEL..,NSE,KAVVERITEL-BE.NS
KAYA,KAYA,NSE,KAYA.NS
KCP,KCP,NSE,KCP.NS
KCPSUGIND,KCP SUGAR IND CORP.,NSE,KCPSUGIND.NS
KDDL,KDDL,NSE,KDDL.NS
KEC,KEC INTL.,NSE,KEC.NS
KECL,KIRLOSKAR ELECTRIC CO,NSE,KECL.NS
KEERTI,KEERTI KNOW & SKILL.,NSE,KEERTI.NS
KEI,KEI INDUSTRIES.,NSE,KEI.NS
KELLTONTEC,KELLTON TECH SOL,NSE,KELLTONTEC.NS
KENNAMET,KENNAMETAL INDIA,NSE,KENNAMET.NS
KERNEX-BE,KERNEX MICROSYS(I),NSE,KERNEX-BE.NS
KESORAMIND,KESORAM INDUSTRIES,NSE,KESORAMIND.NS
KEYFINSERV,KEYNOTE FIN SERV.,NSE,KEYFINSERV.NS
KHADIM,KHADIM INDIA,NSE,KHADIM.NS
KHAICHEM,KHAITAN CHEM & FERT,NSE,KHAICHEM.NS
KHAITANLTD,KHAITAN (INDIA)LTD.,NSE,KHAITANLTD.NS
KHANDSE,KHANDWALA SECURITIES,NSE,KHANDSE.NS
KICL,KALYANI INVEST CO,NSE,KICL.NS
KILITCH,KILITCH DRUGS INDIA,NSE,KILITCH.NS
KIMS,KRISHNA INST OF MED SCI L,NSE,KIMS.NS
KINGFA,KINGFA SCI & TEC IND.,NSE,KINGFA.NS
KIOCL,KIOCL,NSE,KIOCL.NS
KIRIINDUS,KIRI INDUSTRIES,NSE,KIRIINDUS.NS
KIRLFER,KIRLOSKAR FERROUS IND,NSE,KIRLFER.NS
KIRLOSBROS-BE,KIRLOSKAR BROTHERS,NSE,KIRLOSBROS-BE.NS
KIRLOSENG,KIRLOSKAR OIL ENG,NSE,KIRLOSENG.NS
KIRLOSIND,KIRLOSKAR INDUSTRIES,NSE,KIRLOSIND.NS
KITEX,KITEX GARMENTS,NSE,KITEX.NS
KKCL,KEWAL KIRAN CLOTHING,NSE,KKCL.NS
KMSUGAR,K M SUGAR MILLS,NSE,KMSUGAR.NS
KNRCON,KNR CONSTRU.,NSE,KNRCON.NS
KOKUYOCMLN,KOKUYO CAMLIN,NSE,KOKUYOCMLN.NS
KOLTEPATIL,KOLTE PATIL DEV..,NSE,KOLTEPATIL.NS
KOPRAN-BE,KOPRAN,NSE,KOPRAN-BE.NS
KOTAKBANK,KOTAK MAHINDRA BANK,NSE,KOTAKBANK.NS
KOTAKBKETF,KOTAKMAMC-KOTAKBKETF,NSE,KOTAKBKETF.NS
KOTAKGOLD,KOTAK GOLD ETF,NSE,KOTAKGOLD.NS
KOTAKIT,KOTAKMAMC - KOTAKIT,NSE,KOTAKIT.NS
KOTAKNV20,KOTAKMAMC - KTKNV20ETF,NSE,KOTAKNV20.NS
KOTAKPSUBK,KOTAK PSU BANK,NSE,KOTAKPSUBK.NS
KOTARISUG,KOTHARI SUG & CHEM.,NSE,KOTARISUG.NS
KOTHARIPET,KOTHARI PETROCHEM,NSE,KOTHARIPET.NS
KOTHARIPRO-BE,KOTHARI PRODUCTS,NSE,KOTHARIPRO-BE.NS
KOVAI,KOVAI MEDICAL CENTER & HO,NSE,KOVAI.NS
KPIGLOBAL,KPI GLOBAL INFRA,NSE,KPIGLOBAL.NS
KPITTECH,KPIT TECHNOLOGIES,NSE,KPITTECH.NS
KPRMILL,KPR MILL.,NSE,KPRMILL.NS
KRBL,KRBL,NSE,KRBL.NS
KREBSBIO,KREBS BIOCHEMICALS & IND,NSE,KREBSBIO.NS
KRIDHANINF,KRIDHAN INFRA,NSE,KRIDHANINF.NS
KRISHANA,KRISHANA PHOSCHEM,NSE,KRISHANA.NS
KRSNAA,KRSNAA DIAGNOSTICS,NSE,KRSNAA.NS
KSB,KSB,NSE,KSB.NS
KSCL,KAVERI SEED CO..,NSE,KSCL.NS
KSL,KALYANI STEELS,NSE,KSL.NS
KTKBANK,KARNATAKA BANK,NSE,KTKBANK.NS
KUANTUM,KUANTUM PAPERS,NSE,KUANTUM.NS
L&TFH,L&T FINANCE HOLDINGS,NSE,L&TFH.NS
LALPATHLAB,DR. LAL PATH LABS.,NSE,LALPATHLAB.NS
LAMBODHARA-BE,LAMBODHARA TEXTILES.,NSE,LAMBODHARA-BE.NS
LAOPALA,LA OPALA RG,NSE,LAOPALA.NS
LASA,LASA SUPERGENERICS,NSE,LASA.NS
LAURUSLABS,LAURUS LABS,NSE,LAURUSLABS.NS
LAXMIMACH,LAKSHMI MACHINES,NSE,LAXMIMACH.NS
LCCINFOTEC,LCC INFOTECH,NSE,LCCINFOTEC.NS
LEMONTREE,LEMON TREE HOTELS,NSE,LEMONTREE.NS
LFIC,LAKSHMI FIN IND CORP,NSE,LFIC.NS
LGBBROSLTD,LG BALAKRISHNAN & BROS,NSE,LGBBROSLTD.NS
LGBFORGE-BE,LGB FORGE,NSE,LGBFORGE-BE.NS
LIBAS,LIBAS CONSU PRODUCTS,NSE,LIBAS.NS
LIBERTSHOE,LIBERTY SHOES,NSE,LIBERTSHOE.NS
LICHSGFIN,LIC HOUSING FINANCE,NSE,LICHSGFIN.NS
LICNETFGSC,LICNAMC - LICNMFET,NSE,LICNETFGSC.NS
LICNETFN50,LICNAMC - LICNFENGP,NSE,LICNETFN50.NS
LICNETFSEN,LICNAMC - LICNFESGP,NSE,LICNETFSEN.NS
LICNFNHGP,LICNAMC - LICNFNHGP,NSE,LICNFNHGP.NS
LIKHITHA,LIKHITHA INFRASTRUC,NSE,LIKHITHA.NS
LINCOLN,LINCOLN PHARMA,NSE,LINCOLN.NS
LINCPEN,LINC PEN & PLASTICS,NSE,LINCPEN.NS
LINDEINDIA,LINDE INDIA,NSE,LINDEINDIA.NS
LIQUIDBEES,NIP IND ETF LIQUID BEES,NSE,LIQUIDBEES.NS
LIQUIDETF,DSP LIQUID ETF,NSE,LIQUIDETF.NS
LODHA,MACROTECH DEVELOPERS,NSE,LODHA.NS
LOKESHMACH,LOKESH MACHINES,NSE,LOKESHMACH.NS
LOTUSEYE-BE,LOTUS EYE HOSP & INST L,NSE,LOTUSEYE-BE.NS
LOVABLE,LOVABLE LINGERIE,NSE,LOVABLE.NS
LPDC-BE,LANDMARK PR.DEV.CO.LTD,NSE,LPDC-BE.NS
LSIL-BE,LLOYDS STEELS IND..,NSE,LSIL-BE.NS
LT,LARSEN & TOUBRO.,NSE,LT.NS
LTI,L&T INFOTECH,NSE,LTI.NS
LTTS,L&T TECHNOLOGY SER..,NSE,LTTS.NS
LUMAXIND,LUMAX INDUSTRIES,NSE,LUMAXIND.NS
LUMAXTECH,LUMAX AUTO TECH,NSE,LUMAXTECH.NS
LUPIN,LUPIN,NSE,LUPIN.NS
LUXIND,LUX INDUSTRIES,NSE,LUXIND.NS
LXCHEM,LAXMI ORGANIC INDUS,NSE,LXCHEM.NS
LYKALABS,LYKA LABS,NSE,LYKALABS.NS
LYPSAGEMS,LYPSA GEMS & JEWEL,NSE,LYPSAGEMS.NS
M&M,MAHINDRA & MAHINDRA,NSE,M&M.NS
M&MFIN,M&M FIN. SERVICES,NSE,M&MFIN.NS
MAANALU-BE,MAAN ALUMINIUM,NSE,MAANALU-BE.NS
MACPOWER,MACPOWER CNC MACHINES,NSE,MACPOWER.NS
MADHAV,MADHAV MARBLE & GRANITE,NSE,MADHAV.NS
MADHUCON,MADHUCON PROJECTS.,NSE,MADHUCON.NS
MADRASFERT,MADRAS FERTILISERS,NSE,MADRASFERT.NS
MAESGETF,MIRAEAMC - MAESGETF,NSE,MAESGETF.NS
MAFANG,MIRAEAMC - MAFANG,NSE,MAFANG.NS
MAFSETF,MIRAEAMC - MAFSETF,NSE,MAFSETF.NS
MAGADSUGAR,MAGADH SUGAR & ENERGY,NSE,MAGADSUGAR.NS
MAGNUM-BE,MAGNUM VENTURES.,NSE,MAGNUM-BE.NS
MAHABANK,BANK OF MAHARASHTRA,NSE,MAHABANK.NS
MAHAPEXLTD-BE,MAHA RASHTRA APEX COPR. L,NSE,MAHAPEXLTD-BE.NS
MAHASTEEL,MAHAMAYA STEEL INDS,NSE,MAHASTEEL.NS
MAHEPC,MAHINDRA EPC IRRIG,NSE,MAHEPC.NS
MAHESHWARI,MAHESHWARI LOGISTICS.,NSE,MAHESHWARI.NS
MAHINDCIE,MAHINDRA CIE AUTO,NSE,MAHINDCIE.NS
MAHLIFE,MAHINDRA LIFESPACE DEVLTD,NSE,MAHLIFE.NS
MAHLOG,MAHINDRA LOGISTIC,NSE,MAHLOG.NS
MAHSCOOTER,MAHARASHTRA SCOOTERS,NSE,MAHSCOOTER.NS
MAHSEAMLES,MAHARASHTRA SEAMLESS,NSE,MAHSEAMLES.NS
MAITHANALL,MAITHAN ALLOYS,NSE,MAITHANALL.NS
MAJESCO,MAJESCO,NSE,MAJESCO.NS
MALUPAPER,MALU PAPER MILLS,NSE,MALUPAPER.NS
MAN50ETF,MIRAEAMC - MAN50ETF,NSE,MAN50ETF.NS
MANAKALUCO,MANAK ALUMINIUM CO..,NSE,MANAKALUCO.NS
MANAKCOAT,MAN COAT METAL & IND,NSE,MANAKCOAT.NS
MANAKSIA,MANAKSIA.,NSE,MANAKSIA.NS
MANAKSTEEL,MANAKSIA STEELS,NSE,MANAKSTEEL.NS
MANALIPETC-BE,MANALI PETROCHEMICALS LT,NSE,MANALIPETC-BE.NS
MANAPPURAM,MANAPPURAM FINANCE,NSE,MANAPPURAM.NS
MANGALAM,MANGALAM DRUG & CHEM,NSE,MANGALAM.NS
MANGCHEFER,MANG.CHEM.FERT.LTD,NSE,MANGCHEFER.NS
MANGLMCEM,MANGALAM CEMENT,NSE,MANGLMCEM.NS
MANGTIMBER-BE,MANGALAM TIMBER PRODUCTS,NSE,MANGTIMBER-BE.NS
MANINDS,MAN INDUSTRIES (I).,NSE,MANINDS.NS
MANINFRA,MAN INFRA,NSE,MANINFRA.NS
MANUGRAPH,MANUGRAPH INDIA,NSE,MANUGRAPH.NS
MANXT50,MIRAEAMC - MANXT50,NSE,MANXT50.NS
MARALOVER,MARAL OVERSEAS,NSE,MARALOVER.NS
MARATHON,MARATHON NXTGEN REALT,NSE,MARATHON.NS
MARICO,MARICO,NSE,MARICO.NS
MARINE,MARINE ELECTRICAL (I),NSE,MARINE.NS
MARKSANS,MARKSANS PHARMA,NSE,MARKSANS.NS
MARUTI,MARUTI SUZUKI INDIA.,NSE,MARUTI.NS
MASFIN,MAS FINANCIAL SERV,NSE,MASFIN.NS
MASKINVEST-BE,MASK INVESTMENTS,NSE,MASKINVEST-BE.NS
MASTEK,MASTEK,NSE,MASTEK.NS
MATRIMONY,MATRIMONY.COM,NSE,MATRIMONY.NS
MAWANASUG-BE,MAWANA SUGARS,NSE,MAWANASUG-BE.NS
MAXHEALTH,MAX HEALTHCARE INS,NSE,MAXHEALTH.NS
MAXIND,MAX INDIA,NSE,MAXIND.NS
MAXVIL,MAX VENTURES AND INDS,NSE,MAXVIL.NS
MAYURUNIQ,MAYUR UNIQUOTERS,NSE,MAYURUNIQ.NS
MAZDA,MAZDA,NSE,MAZDA.NS
MAZDOCK,MAZAGON DOCK SHIPBUIL,NSE,MAZDOCK.NS
MBAPL,MADHYA BHARAT AGRO P.,NSE,MBAPL.NS
MBECL-BE,MCNALLY BH. ENG. CO.LTD,NSE,MBECL-BE.NS
MBLINFRA,MBL INFRASTRUCTURES,NSE,MBLINFRA.NS
MCDHOLDING,MCDOWELL HOLDINGS.,NSE,MCDHOLDING.NS
MCDOWELL-N,UNITED SPIRITS,NSE,MCDOWELL-N.NS
MCL,MADHAV COPPER,NSE,MCL.NS
MCLEODRUSS,MCLEOD RUSSEL INDIA.,NSE,MCLEODRUSS.NS
MCX,MULTI COMMODITY EXCHANGE,NSE,MCX.NS
MEGASOFT-BE,MEGASOFT,NSE,MEGASOFT-BE.NS
MENONBE,MENON BEARINGS,NSE,MENONBE.NS
MEP,MEP INFRA. DEVELOPERS,NSE,MEP.NS
MERCATOR-BE,MERCATOR,NSE,MERCATOR-BE.NS
METROPOLIS,METROPOLIS HEALTHCARE,NSE,METROPOLIS.NS
MFL-BE,MEGHMANI FINECHEM,NSE,MFL-BE.NS
MFSL,MAX FINANCIAL SERV,NSE,MFSL.NS
MGEL,MANGALAM GLOBAL ENT,NSE,MGEL.NS
MGL,MAHANAGAR GAS.,NSE,MGL.NS
MHRIL,MAHINDRA HOLIDAYS,NSE,MHRIL.NS
MIDHANI,MISHRA DHATU NIGAM,NSE,MIDHANI.NS
MINDACORP,MINDA CORPORATION,NSE,MINDACORP.NS
MINDAIND,MINDA INDUSTRIES.,NSE,MINDAIND.NS
MINDTECK,MINDTECK (INDIA),NSE,MINDTECK.NS
MINDTREE,MINDTREE,NSE,MINDTREE.NS
MIRCELECTR-BE,MIRCELECTR-DEPO,NSE,MIRCELECTR-BE.NS
MIRZAINT,MIRZA INTERNATIONAL LIMIT,NSE,MIRZAINT.NS
MITTAL,MITTAL LIFE STYLE,NSE,MITTAL.NS
MMFL,MM FORGINGS,NSE,MMFL.NS
MMP,MMP INDUSTRIES,NSE,MMP.NS
MMTC,MMTC,NSE,MMTC.NS
MODIRUBBER-BE,MODI RUBBER,NSE,MODIRUBBER-BE.NS
MODISNME,MODISON METALS,NSE,MODISNME.NS
MOGSEC,MOTILALAMC - G5,NSE,MOGSEC.NS
MOHITIND-BE,MOHIT INDUSTRIES,NSE,MOHITIND-BE.NS
MOHOTAIND-BE,MOHOTA INDUSTRIES,NSE,MOHOTAIND-BE.NS
MOIL,MOIL,NSE,MOIL.NS
MOKSH,MOKSH ORNAMENTS,NSE,MOKSH.NS
MOL-BE,MEGHMANI ORGANICS,NSE,MOL-BE.NS
MOLDTECH-BE,MOLD-TEK TECHNOLOGIES,NSE,MOLDTECH-BE.NS
MOLDTKPAC,MOLD-TEK PACKAGING,NSE,MOLDTKPAC.NS
MOM100,MOTILAL OS MIDCAP100 ETF,NSE,MOM100.NS
MOM50,MOTILAL OSWAL M50 ETF,NSE,MOM50.NS
MON100,MOTILAL OS NASDAQ100 ETF,NSE,MON100.NS
MONTECARLO,MONTE CARLO FASHIONS.,NSE,MONTECARLO.NS
MORARJEE,MORARJEE TEXTILES,NSE,MORARJEE.NS
MOREPENLAB,MOREPEN LAB.,NSE,MOREPENLAB.NS
MOTHERSUMI,MOTHERSON SUMI SYSTEMS LT,NSE,MOTHERSUMI.NS
MOTILALOFS,MOTILAL OSWAL FIN,NSE,MOTILALOFS.NS
MOTOGENFIN,MOTOR & GENERAL FINANCE L,NSE,MOTOGENFIN.NS
MPHASIS,MPHASIS,NSE,MPHASIS.NS
MPSLTD,MPS,NSE,MPSLTD.NS
MRF,MRF,NSE,MRF.NS
MRO-TEK-BE,MRO-TEK REALTY,NSE,MRO-TEK-BE.NS
MRPL,MRPL,NSE,MRPL.NS
MSPL,MSP STEEL & POWER.,NSE,MSPL.NS
MSTCLTD,MSTC,NSE,MSTCLTD.NS
MTARTECH,MTAR TECHNOLOGIES,NSE,MTARTECH.NS
MTEDUCARE,MT EDUCARE,NSE,MTEDUCARE.NS
MTNL,MAHANAGAR TELEPHONE NIGAM,NSE,MTNL.NS
MUKANDENGG-BE,MUKAND ENGINEERS,NSE,MUKANDENGG-BE.NS
MUKANDLTD-BE,MUKAND.,NSE,MUKANDLTD-BE.NS
MUKTAARTS,MUKTA ARTS,NSE,MUKTAARTS.NS
MUNJALAU,MUNJAL AUTO IND..,NSE,MUNJALAU.NS
MUNJALSHOW,MUNJAL SHOWA,NSE,MUNJALSHOW.NS
MURUDCERA,MURUDESHWAR CERAMICS,NSE,MURUDCERA.NS
MUTHOOTCAP,MUTHOOT CAP SERV,NSE,MUTHOOTCAP.NS
MUTHOOTFIN,MUTHOOT FINANCE,NSE,MUTHOOTFIN.NS
NACLIND,NACL INDUSTRIES,NSE,NACLIND.NS
NAGAFERT-BE,NAGARJUN FERT AND CHE,NSE,NAGAFERT-BE.NS
NAGREEKCAP,NAGREEKA CAP & INFR.LTD,NSE,NAGREEKCAP.NS
NAGREEKEXP-BE,NAGREEKA EXPORTS.,NSE,NAGREEKEXP-BE.NS
NAHARCAP,NAHAR CAP & FIN.,NSE,NAHARCAP.NS
NAHARINDUS-BE,NAHAR INDS ENT,NSE,NAHARINDUS-BE.NS
NAHARPOLY,NAHAR POLY FILMS,NSE,NAHARPOLY.NS
NAHARSPING-BE,NAHAR SPINNING MILLS.,NSE,NAHARSPING-BE.NS
NAM-INDIA,NIPPON L I A M,NSE,NAM-INDIA.NS
NATCOPHARM,NATCO PHARMA.,NSE,NATCOPHARM.NS
NATHBIOGEN,NATH BIO-GENES (I),NSE,NATHBIOGEN.NS
NATIONALUM,NATIONAL ALUMINIUM CO,NSE,NATIONALUM.NS
NATNLSTEEL,NATIONAL STEEL & AGRO IND,NSE,NATNLSTEEL.NS
NAUKRI,INFO EDGE (I),NSE,NAUKRI.NS
NAVINFLUOR,NAVIN FLUORINE INT.,NSE,NAVINFLUOR.NS
NAVKARCORP,NAVKAR CORPORATION.,NSE,NAVKARCORP.NS
NAVNETEDUL,NAVNEET EDUCATION,NSE,NAVNETEDUL.NS
NAZARA,NAZARA TECHNOLOGIES,NSE,NAZARA.NS
NBCC,NBCC (INDIA),NSE,NBCC.NS
NBIFIN,N.B.I. IND. FIN. CO.,NSE,NBIFIN.NS
NBVENTURES,NAVA BHARAT VENTURES LIMI,NSE,NBVENTURES.NS
NCC,NCC,NSE,NCC.NS
NCLIND,NCL INDUSTRIES,NSE,NCLIND.NS
NCPSESDL24,NIPPON INDIA- NIMFXX,NSE,NCPSESDL24.NS
NDGL-BE,NAGA DHUNSERI GROUP,NSE,NDGL-BE.NS
NDL,NANDAN DENIM,NSE,NDL.NS
NDRAUTO-BE,NDR AUTO COMPONENTS,NSE,NDRAUTO-BE.NS
NDTV,NDTV,NSE,NDTV.NS
NECCLTD,NORTH EAST CARRY CORP,NSE,NECCLTD.NS
NECLIFE,NECTAR LIFESCIENCES.,NSE,NECLIFE.NS
NELCAST,NELCAST,NSE,NELCAST.NS
NELCO,NELCO,NSE,NELCO.NS
NEOGEN,NEOGEN CHEMICALS,NSE,NEOGEN.NS
NESCO,NESCO.,NSE,NESCO.NS
NESTLEIND,NESTLE INDIA,NSE,NESTLEIND.NS
NETF,TATAAML - NETF,NSE,NETF.NS
NETFCONSUM,NIP IND ETF CONSUMPTION,NSE,NETFCONSUM.NS
NETFDIVOPP,NIP IND ETF DIV OPP,NSE,NETFDIVOPP.NS
NETFGILT5Y,RELCAPAMC - NETFGILT5Y,NSE,NETFGILT5Y.NS
NETFIT,NIP IND ETF IT,NSE,NETFIT.NS
NETFLTGILT,NIP IND ETF LONGTERM GILT,NSE,NETFLTGILT.NS
NETFMID150,NIP IND ETF MIDCAP 150,NSE,NETFMID150.NS
NETFNV20,NIP IND ETF ETF NV20,NSE,NETFNV20.NS
NETFPHARMA,NIPPONAMC - NETFPHARMA,NSE,NETFPHARMA.NS
NETFSDL26,RELCAPAMC-NETFSDL26,NSE,NETFSDL26.NS
NETWORK18,NETWORK18 MEDIA & INV,NSE,NETWORK18.NS
NEULANDLAB-BE,NEULAND LAB.,NSE,NEULANDLAB-BE.NS
NEWGEN-BE,NEWGEN SOFTWARE TECH,NSE,NEWGEN-BE.NS
NEXTMEDIA,NEXT MEDIAWORKS,NSE,NEXTMEDIA.NS
NFL,NATIONAL FERT.,NSE,NFL.NS
NGIL,NAKODA GROUP OF IND.,NSE,NGIL.NS
NH,NARAYANA HRUDAYALAYA.,NSE,NH.NS
NHPC,NHPC,NSE,NHPC.NS
NIACL,THE NEW INDIA ASSU CO,NSE,NIACL.NS
NIBL,NRB INDUS. BEARINGS.,NSE,NIBL.NS
NIITLTD,NIIT,NSE,NIITLTD.NS
NILAINFRA,NILA INFRASTRUCTURES,NSE,NILAINFRA.NS
NILASPACES-BE,NILA SPACES,NSE,NILASPACES-BE.NS
NILKAMAL,NILKAMAL,NSE,NILKAMAL.NS
NIPPOBATRY,INDO-NATIONAL,NSE,NIPPOBATRY.NS
NIRAJ,NIRAJ CEMENT STRUC,NSE,NIRAJ.NS
NITCO,NITCO,NSE,NITCO.NS
NITINSPIN-BE,NITIN SPINNERS,NSE,NITINSPIN-BE.NS
NITIRAJ,NITIRAJ ENGINEERS,NSE,NITIRAJ.NS
NKIND-BE,NKINDUSTRIES,NSE,NKIND-BE.NS
NLCINDIA,NLC INDIA,NSE,NLCINDIA.NS
NMDC,NMDC.,NSE,NMDC.NS
NOCIL,NOCIL,NSE,NOCIL.NS
NOIDATOLL,NOIDA TOLL BRIDGE CO,NSE,NOIDATOLL.NS
NORBTEAEXP,NORBEN TEA & EXPORTS,NSE,NORBTEAEXP.NS
NOVARTIND,NOVARTIS INDIA,NSE,NOVARTIND.NS
NPBET,TATAAML - NPBET,NSE,NPBET.NS
NRAIL,N R AGARWAL INDS,NSE,NRAIL.NS
NRBBEARING,NRB BEARING,NSE,NRBBEARING.NS
NSIL,NALWA SONS INVESTMENT,NSE,NSIL.NS
NTL-BE,NEUEON TOWERS,NSE,NTL-BE.NS
NTPC,NTPC,NSE,NTPC.NS
NUCLEUS,NUCLEUS SOFTWARE EXPORTS,NSE,NUCLEUS.NS
NURECA,NURECA,NSE,NURECA.NS
NUVOCO,NUVOCO VISTAS CORP,NSE,NUVOCO.NS
NXTDIGITAL,NXTDIGITAL,NSE,NXTDIGITAL.NS
OAL,ORIENTAL AROMATICS,NSE,OAL.NS
OBEROIRLTY,OBEROI REALTY,NSE,OBEROIRLTY.NS
OCCL,ORIENTAL CARBN & CHEM,NSE,OCCL.NS
OFSS,ORACLE FIN SERV SOFT.,NSE,OFSS.NS
OIL,OIL INDIA,NSE,OIL.NS
OILCOUNTUB-BE,OIL COUNTRY TUBULAR.,NSE,OILCOUNTUB-BE.NS
OLECTRA-BE,OLECTRA GREENTECH,NSE,OLECTRA-BE.NS
OMAXAUTO-BE,OMAX AUTOS,NSE,OMAXAUTO-BE.NS
OMAXE,OMAXE,NSE,OMAXE.NS
OMINFRAL,OM INFRA,NSE,OMINFRAL.NS
OMKARCHEM,OMKAR SPL CHEM,NSE,OMKARCHEM.NS
ONELIFECAP-BE,ONELIFE CAP ADVISORS,NSE,ONELIFECAP-BE.NS
ONEPOINT-BE,ONE POINT ONE SOL,NSE,ONEPOINT-BE.NS
ONGC,OIL AND NATURAL GAS CORP.,NSE,ONGC.NS
ONMOBILE,ONMOBILE GLOBAL.,NSE,ONMOBILE.NS
ONWARDTEC,ONWARD TECHNOLOGIES,NSE,ONWARDTEC.NS
OPTIEMUS-BE,OPTIEMUS INFRACOM,NSE,OPTIEMUS-BE.NS
OPTOCIRCUI-BE,OPTO CIRCUITS (I),NSE,OPTOCIRCUI-BE.NS
ORBTEXP,ORBIT EXPORTS,NSE,ORBTEXP.NS
ORCHPHARMA-BE,ORCHID PHARMA,NSE,ORCHPHARMA-BE.NS
ORICONENT,ORICON ENTERPRISES,NSE,ORICONENT.NS
ORIENTABRA,ORIENT ABRASIVE,NSE,ORIENTABRA.NS
ORIENTALTL,ORIENTAL TRIMEX,NSE,ORIENTALTL.NS
ORIENTBELL,ORIENT BELL,NSE,ORIENTBELL.NS
ORIENTCEM,ORIENT CEMENT.,NSE,ORIENTCEM.NS
ORIENTELEC,ORIENT ELECTRIC,NSE,ORIENTELEC.NS
ORIENTHOT,ORIENT HOTELS,NSE,ORIENTHOT.NS
ORIENTLTD,ORIENT PRESS,NSE,ORIENTLTD.NS
ORIENTPPR,ORIENT PAPER AND INDS,NSE,ORIENTPPR.NS
ORISSAMINE,ORISSA MIN DEV CO,NSE,ORISSAMINE.NS
ORTINLAB,ORTIN LABORATORIES,NSE,ORTINLAB.NS
OSWALAGRO,OSWAL AGRO MILLS,NSE,OSWALAGRO.NS
PAGEIND,PAGE INDUSTRIES,NSE,PAGEIND.NS
PAISALO,PAISALO DIGITAL,NSE,PAISALO.NS
PALASHSECU,PALASH SECURITIES,NSE,PALASHSECU.NS
PALREDTEC,PALRED TECHNOLOGIES,NSE,PALREDTEC.NS
PANACEABIO,PANACEA BIOTEC,NSE,PANACEABIO.NS
PANACHE-BE,PANACHE DIGILIFE,NSE,PANACHE-BE.NS
PANAMAPET,PANAMA PETROCHEM,NSE,PANAMAPET.NS
PARACABLES-BE,PARAMOUNT COMM,NSE,PARACABLES-BE.NS
PARAGMILK,PARAG MILK FOODS.,NSE,PARAGMILK.NS
PARSVNATH,PARSVNATH DEVELOPER,NSE,PARSVNATH.NS
PATELENG,PATEL ENGINEERING.,NSE,PATELENG.NS
PATINTLOG,PATEL INT. LOG.,NSE,PATINTLOG.NS
PATSPINLTD,PATSPIN INDIA,NSE,PATSPINLTD.NS
PBAINFRA-BE,PBA INFRASTRUCTURE.,NSE,PBAINFRA-BE.NS
PCJEWELLER,PC JEWELLER,NSE,PCJEWELLER.NS
PDMJEPAPER,PUDUMJEE PAPER PRO.,NSE,PDMJEPAPER.NS
PDPL-BE,PARENTERAL DRUGS,NSE,PDPL-BE.NS
PDSMFL,PDS MULTINATIONAL FAS,NSE,PDSMFL.NS
PEARLPOLY,PEARL POLYMERS,NSE,PEARLPOLY.NS
PEL,PIRAMAL ENTERPRISES,NSE,PEL.NS
PENIND,PENNAR INDUSTRIES,NSE,PENIND.NS
PENINLAND-BE,PENINSULA LAND,NSE,PENINLAND-BE.NS
PERSISTENT,PERSISTENT SYSTEMS,NSE,PERSISTENT.NS
PETRONET,PETRONET LNG,NSE,PETRONET.NS
PFC,POWER FIN CORP.,NSE,PFC.NS
PFIZER,PFIZER,NSE,PFIZER.NS
PFOCUS,PRIME FOCUS,NSE,PFOCUS.NS
PFS,PTC INDIA FIN SERV,NSE,PFS.NS
PGEL,PG ELECTROPLAST,NSE,PGEL.NS
PGHH,P&G HYGIENE & HEALTH CARE,NSE,PGHH.NS
PGHL,PROCTER & GAMBLE HEALTH L,NSE,PGHL.NS
PGIL,PEARL GLOBAL IND,NSE,PGIL.NS
PHILIPCARB,PHILIPS CARBON BLACK,NSE,PHILIPCARB.NS
PHOENIXLTD,THE PHOENIX MILLS,NSE,PHOENIXLTD.NS
PIDILITIND,PIDILITE INDUSTRIES,NSE,PIDILITIND.NS
PIIND,PI INDUSTRIES,NSE,PIIND.NS
PILANIINVS,PILANI INV & IND COR,NSE,PILANIINVS.NS
PILITA,PIL ITALICA LIFESTYLE,NSE,PILITA.NS
PIONDIST,PIONEER DIST,NSE,PIONDIST.NS
PIONEEREMB,PIONEER EMBROIDERIES,NSE,PIONEEREMB.NS
PITTIENG,PITTI ENGINEERING,NSE,PITTIENG.NS
PKTEA-BE,THE P K TEA PROD CO,NSE,PKTEA-BE.NS
PLASTIBLEN,PLASTIBLENDS INDIA,NSE,PLASTIBLEN.NS
PNB,PUNJAB NATIONAL BANK,NSE,PNB.NS
PNBGILTS,PNB GILTS,NSE,PNBGILTS.NS
PNBHOUSING-BE,PNB HOUSING FIN.,NSE,PNBHOUSING-BE.NS
PNC,PRITISH NANDY COMMUNICATI,NSE,PNC.NS
PNCINFRA,PNC INFRATECH.,NSE,PNCINFRA.NS
PODDARHOUS,PODDAR HOUSE & DVPT,NSE,PODDARHOUS.NS
PODDARMENT,PODDAR PIGMENTS,NSE,PODDARMENT.NS
POKARNA,POKARNA,NSE,POKARNA.NS
POLYCAB,POLYCAB INDIA,NSE,POLYCAB.NS
POLYMED,POLY MEDICURE,NSE,POLYMED.NS
POLYPLEX,POLYPLEX CORPORATION,NSE,POLYPLEX.NS
PONNIERODE-BE,PONNIE SUGARS (ERODE),NSE,PONNIERODE-BE.NS
POONAWALLA-BE,POONAWALLA FINCORP,NSE,POONAWALLA-BE.NS
POWERGRID,POWER GRID CORP..,NSE,POWERGRID.NS
POWERINDIA,ABB POWER PRO N SYS IND L,NSE,POWERINDIA.NS
POWERMECH,POWER MECH PROJECTS.,NSE,POWERMECH.NS
PPAP,PPAP AUTOMOTIVE,NSE,PPAP.NS
PPL,PRAKASH PIPES,NSE,PPL.NS
PRADIP-BE,PRADIP OVERSEAS,NSE,PRADIP.NS
PRAENG-BE,PRAJAY ENG. SYN..,NSE,PRAENG-BE.NS
PRAJIND-BE,PRAJ INDUST.,NSE,PRAJIND-BE.NS
PRAKASH,PRAKASH INDUSTRIES,NSE,PRAKASH.NS
PRAKASHSTL,PRAKASH STEELAGE,NSE,PRAKASHSTL.NS
PRAXIS,PRAXIS HOME RETAIL,NSE,PRAXIS.NS
PRECAM,PRECISION CAMSHAFTS.,NSE,PRECAM.NS
PRECOT,PRECOT,NSE,PRECOT.NS
PRECWIRE,PRECISION WIRES INDIA,NSE,PRECWIRE.NS
PREMEXPLN-BE,PREMIER EXPLOSIVES,NSE,PREMEXPLN-BE.NS
PREMIER-BE,PREMIER,NSE,PREMIER-BE.NS
PREMIERPOL,PREMIER POLYFILM,NSE,PREMIERPOL.NS
PRESSMN,PRESSMAN ADVERTISING,NSE,PRESSMN.NS
PRESTIGE,PRESTIGE ESTATE,NSE,PRESTIGE.NS
PRICOLLTD,PRICOL,NSE,PRICOLLTD.NS
PRIMESECU,PRIME SECURITIES,NSE,PRIMESECU.NS
PRINCEPIPE,PRINCE PIPES FITTINGS,NSE,PRINCEPIPE.NS
PRITIKAUTO,PRITIKA AUTO INDUS,NSE,PRITIKAUTO.NS
PRIVISCL,PRIVI SPECIALITY CHE,NSE,PRIVISCL.NS
PROINDIA-BE,PROSEED INDIA,NSE,PROINDIA-BE.NS
PROZONINTU,PROZONE INTU PROPRTIS,NSE,PROZONINTU.NS
PRSMJOHNSN,PRISM JOHNSON,NSE,PRSMJOHNSN.NS
PSB,PUNJAB & SIND BANK,NSE,PSB.NS
PSPPROJECT,PSP PROJECTS,NSE,PSPPROJECT.NS
PSUBNKBEES,NIP IND ETF PSU BANK BEES,NSE,PSUBNKBEES.NS
PTC,PTC INDIA,NSE,PTC.NS
PTL,PTL ENTERPRISES,NSE,PTL.NS
PUNJABCHEM,PUNJAB CHEM & CROP PROT L,NSE,PUNJABCHEM.NS
PURVA,PURAVANKARA,NSE,PURVA.NS
PVP-BE,PVP VENTURES,NSE,PVP-BE.NS
PVR,PVR,NSE,PVR.NS
QGOLDHALF,QUANTUM GOLD FUND,NSE,QGOLDHALF.NS
QUESS,QUESS CORP,NSE,QUESS.NS
QUICKHEAL,QUICK HEAL TECH,NSE,QUICKHEAL.NS
QUINTEGRA-BE,QUINTEGRA SOLUTIONS.,NSE,QUINTEGRA-BE.NS
RADAAN-BE,RADAAN MEDIAWORKS (I),NSE,RADAAN-BE.NS
RADICO,RADICO KHAITAN,NSE,RADICO.NS
RADIOCITY,MUSIC BROADCAST,NSE,RADIOCITY.NS
RAILTEL,RAILTEL CORP OF IND,NSE,RAILTEL.NS
RAIN,RAIN INDUSTRIES,NSE,RAIN.NS
RAJESHEXPO,RAJESH EXPORTS,NSE,RAJESHEXPO.NS
RAJMET-BE,RAJNANDINI METAL,NSE,RAJMET-BE.NS
RAJRATAN-BE,RAJRATAN GLOBAL WIRE,NSE,RAJRATAN-BE.NS
RAJSREESUG,RAJSHREE SUGAR & CHEMICAL,NSE,RAJSREESUG.NS
RAJTV-BE,RAJ TV NETWORK,NSE,RAJTV-BE.NS
RAJVIR-BE,RAJVIR INDUSTRIES,NSE,RAJVIR-BE.NS
RALLIS,RALLIS INDIA,NSE,RALLIS.NS
RAMANEWS,SHREE RAMA NEWSPRINT,NSE,RAMANEWS.NS
RAMASTEEL-BE,RAMA STEEL TUBES,NSE,RAMASTEEL-BE.NS
RAMCOCEM,THE RAMCO CEMENTS,NSE,RAMCOCEM.NS
RAMCOIND,RAMCO INDUSTRIES,NSE,RAMCOIND.NS
RAMCOSYS,RAMCO SYSTEMS.,NSE,RAMCOSYS.NS
RAMKY-BE,RAMKY INFRA,NSE,RAMKY-BE.NS
RANASUG-BE,RANA SUGARS.,NSE,RANASUG-BE.NS
RANEENGINE,RANE ENG VALVE,NSE,RANEENGINE.NS
RANEHOLDIN,RANE HOLDINGS,NSE,RANEHOLDIN.NS
RATNAMANI,RATNAMANI MET & TUB.,NSE,RATNAMANI.NS
RAYMOND,RAYMOND,NSE,RAYMOND.NS
RBL,RANE BRAKE LINING,NSE,RBL.NS
RBLBANK,RBL BANK,NSE,RBLBANK.NS
RCF,RASHTRIYA CHEMICALS & FER,NSE,RCF.NS
RCOM,RELIANCE COMMUNICATIONS L,NSE,RCOM.NS
RECLTD,REC,NSE,RECLTD.NS
REDINGTON,REDINGTON (INDIA).,NSE,REDINGTON.NS
REFEX,REFEX INDUSTRIES,NSE,REFEX.NS
REGENCERAM-BE,REGENCYCERAMICS-LTD,NSE,REGENCERAM-BE.NS
RELAXO,RELAXO FOOT.,NSE,RELAXO.NS
RELCAPITAL,RELIANCE CAPITAL,NSE,RELCAPITAL.NS
RELIANCE,RELIANCE INDUSTRIES,NSE,RELIANCE.NS
RELIGARE,RELIGARE ENTER..,NSE,RELIGARE.NS
RELINFRA-BE,RELIANCE INFRASTRUCTU,NSE,RELINFRA-BE.NS
REMSONSIND-BE,REMSONS INDUSTRIES,NSE,REMSONSIND-BE.NS
RENUKA-BE,SHREE RENUKA SUGARS,NSE,RENUKA-BE.NS
REPCOHOME,REPCO HOME FINANCE,NSE,REPCOHOME.NS
REPL,RUDRABHISHEK ENTERP,NSE,REPL.NS
REPRO,REPRO INDIA,NSE,REPRO.NS
RESPONIND,RESPONSIVE INDUSTRIES,NSE,RESPONIND.NS
REVATHI,REVATHI EQUIPMENT,NSE,REVATHI.NS
RGL,RENAISSANCE GLOBAL,NSE,RGL.NS
RHFL-BE,RELIANCE HOME FINANCE,NSE,RHFL-BE.NS
RHIM,RHI MAGNESITA INDIA,NSE,RHIM.NS
RICOAUTO,RICO AUTO INDUSTRIES,NSE,RICOAUTO.NS
RIIL,RELIANCE INDUSTRIAL INFRA,NSE,RIIL.NS
RITES,RITES,NSE,RITES.NS
RKDL-BE,RAVI KUMAR DIST..,NSE,RKDL-BE.NS
RKEC,RKEC PROJECTS,NSE,RKEC.NS
RKFORGE,RAMKRISHNA FORGINGS,NSE,RKFORGE.NS
RML,RANE (MADRAS),NSE,RML.NS
ROHITFERRO-BE,ROHIT FERRO-TECH,NSE,ROHITFERRO-BE.NS
ROHLTD,ROYAL ORCHID HOTELS,NSE,ROHLTD.NS
ROLEXRINGS,ROLEX RINGS,NSE,ROLEXRINGS.NS
ROLLT,ROLLATAINERS,NSE,ROLLT.NS
ROLTA-BE,ROLTA INDIA - DEP SETT,NSE,ROLTA-BE.NS
ROML,RAJ OIL MILLS,NSE,ROML.NS
ROSSARI,ROSSARI BIOTECH,NSE,ROSSARI.NS
ROSSELLIND,ROSSELL INDIA,NSE,ROSSELLIND.NS
ROUTE,ROUTE MOBILE,NSE,ROUTE.NS
RPGLIFE,RPG LIFE SCIENCES,NSE,RPGLIFE.NS
RPOWER-BE,RELIANCE POWER.,NSE,RPOWER-BE.NS
RPPINFRA,R.P.P INFRA PROJECTS,NSE,RPPINFRA.NS
RPSGVENT,RPSG VENTURES,NSE,RPSGVENT.NS
RSSOFTWARE,R. S. SOFTWARE (INDIA) LI,NSE,RSSOFTWARE.NS
RSWM,RSWM,NSE,RSWM.NS
RSYSTEMS,R SYS INTERNATIONAL,NSE,RSYSTEMS.NS
RTNINDIA-BE,RATTANINDIA ENT,NSE,RTNINDIA-BE.NS
RTNPOWER-BE,RATTANINDIA POWER,NSE,RTNPOWER-BE.NS
RUBYMILLS,THE RUBY MILLS,NSE,RUBYMILLS.NS
RUCHI,RUCHI SOYA INDUSTRIES,NSE,RUCHI.NS
RUCHINFRA-BE,RUCHI INFRASTRUCTURE,NSE,RUCHINFRA-BE.NS
RUCHIRA,RUCHIRA PAPERS,NSE,RUCHIRA.NS
RUPA,RUPA & COMPANY,NSE,RUPA.NS
RUSHIL,RUSHIL DECOR,NSE,RUSHIL.NS
RVHL,RAVINDER HEIGHTS,NSE,RVHL.NS
RVNL,RAIL VIKAS NIGAM,NSE,RVNL.NS
S&SPOWER-BE,S&S POWER SWITCHGEARS,NSE,S&SPOWER-BE.NS
SABEVENTS-BE,SAB EVENTS & GOVERNANCE,NSE,SABEVENTS-BE.NS
SABTN-BE,SRI ADHIKARI BROS.,NSE,SABTN-BE.NS
SADBHAV,SADBHAV ENGINEERING,NSE,SADBHAV.NS
SADBHIN,SADBHAV INFRA PROJ.,NSE,SADBHIN.NS
SAFARI,SAFARI IND (INDIA),NSE,SAFARI.NS
SAGARDEEP-BE,SAGARDEEP ALLOYS,NSE,SAGARDEEP-BE.NS
SAGCEM,SAGAR CEMENTS,NSE,SAGCEM.NS
SAIL,STEEL AUTHORITY OF INDIA,NSE,SAIL.NS
SAKAR,SAKAR HEALTHCARE,NSE,SAKAR.NS
SAKHTISUG-BE,SAKHTISUG SUGARS,NSE,SAKHTISUG-BE.NS
SAKSOFT,SAKSOFT,NSE,SAKSOFT.NS
SAKUMA-BE,SAKUMA EXPORTS,NSE,SAKUMA-BE.NS
SALASAR,SALASAR TECHNO ENGG..,NSE,SALASAR.NS
SALONA,SALONA COTSPIN.,NSE,SALONA.NS
SALSTEEL-BE,S.A.L. STEEL.,NSE,SALSTEEL-BE.NS
SALZERELEC,SALZER ELECTRONICS,NSE,SALZERELEC.NS
SAMBHAAV-BE,SAMBHAAV MEDIA,NSE,SAMBHAAV-BE.NS
SANCO,SANCO INDUSTRIES,NSE,SANCO.NS
SANDESH,SANDESH,NSE,SANDESH.NS
SANDHAR,SANDHAR TECHNOLOGIES,NSE,SANDHAR.NS
SANGAMIND,SANGAM (INDIA),NSE,SANGAMIND.NS
SANGHIIND,SANGHI INDUSTRIES,NSE,SANGHIIND.NS
SANGHVIMOV,SANGHVI MOVERS,NSE,SANGHVIMOV.NS
SANGINITA,SANGINITA CHEMICALS,NSE,SANGINITA.NS
SANOFI,SANOFI INDIA,NSE,SANOFI.NS
SARDAEN-BE,SARDA ENERGY & MIN,NSE,SARDAEN-BE.NS
SAREGAMA-BE,SAREGAMA INDIA,NSE,SAREGAMA-BE.NS
SARLAPOLY,SARLA PERF. FIBERS,NSE,SARLAPOLY.NS
SASKEN,SASKEN TECHNOLOGIES,NSE,SASKEN.NS
SASTASUNDR-BE,SASTASUNDAR VENTURES,NSE,SASTASUNDR-BE.NS
SATHAISPAT-BE,SATHAVAHANA ISPAT,NSE,SATHAISPAT-BE.NS
SATIA,SATIA INDUSTRIES,NSE,SATIA.NS
SATIN,SATIN CREDIT NET,NSE,SATIN.NS
SBCL,SHIVALIK BIMETAL CON.,NSE,SBCL.NS
SBICARD,SBI CARDS & PAY SER,NSE,SBICARD.NS
SBIETFCON,SBIAMC - SBIETFCON,NSE,SBIETFCON.NS
SBIETFIT,SBIAMC - SBIETFIT,NSE,SBIETFIT.NS
SBIETFPB,SBIAMC - SBIETFPB,NSE,SBIETFPB.NS
SBIETFQLTY,SBIAMC - SBIETFQLTY,NSE,SBIETFQLTY.NS
SBILIFE,SBI LIFE INSURANCE CO,NSE,SBILIFE.NS
SBIN,STATE BANK OF INDIA,NSE,SBIN.NS
SCAPDVR-BE,STAMPEDE CAPITAL,NSE,SCAPDVR-BE.NS
SCHAEFFLER,SCHAEFFLER INDIA,NSE,SCHAEFFLER.NS
SCHAND,S CHAND AND COMPANY,NSE,SCHAND.NS
SCHNEIDER,SCHNEIDER ELECTRIC INFRA,NSE,SCHNEIDER.NS
SCI,SHIPPING CORP OF INDIA LT,NSE,SCI.NS
SDBL,SOM DIST & BREW,NSE,SDBL.NS
SEAMECLTD,SEAMEC,NSE,SEAMECLTD.NS
SECURKLOUD,SECUREKLOUD TECH,NSE,SECURKLOUD.NS
SELAN,SELAN EXPLO. TECH,NSE,SELAN.NS
SEPOWER,S.E. POWER,NSE,SEPOWER.NS
SEQUENT,SEQUENT SCIENTIFIC.,NSE,SEQUENT.NS
SESHAPAPER,SESHASAYEE PAPER & BOARDS,NSE,SESHAPAPER.NS
SETCO,SETCO AUTOMOTIVE,NSE,SETCO.NS
SETF10GILT,SBIAMC - SETF10GILT,NSE,SETF10GILT.NS
SETFGOLD,SBI-ETF GOLD,NSE,SETFGOLD.NS
SETUINFRA-BE,SETUBANDHAN INFRA,NSE,SETUINFRA-BE.NS
SEYAIND,SEYA INDUSTRIES,NSE,SEYAIND.NS
SFL,SHEELA FOAM,NSE,SFL.NS
SGIL,SYNERGY GREEN IND.,NSE,SGIL.NS
SGL,STL GLOBAL,NSE,SGL.NS
SHAHALLOYS-BE,SHAH ALLOYS,NSE,SHAHALLOYS-BE.NS
SHAKTIPUMP,SHAKTI PUMPS (I),NSE,SHAKTIPUMP.NS
SHALBY,SHALBY,NSE,SHALBY.NS
SHALPAINTS,SHALIM PAINTS,NSE,SHALPAINTS.NS
SHANKARA,SHANKARA BLDG PRODUCT,NSE,SHANKARA.NS
SHANTIGEAR,SHANTHI GEARS,NSE,SHANTIGEAR.NS
SHARDACROP,SHARDA CROPCHEM.,NSE,SHARDACROP.NS
SHARDAMOTR-BE,SHARDA MOTOR INDS,NSE,SHARDAMOTR-BE.NS
SHAREINDIA,SHARE IND. SECURITIES,NSE,SHAREINDIA.NS
SHARIABEES,NIP IND ETF SHARIAH BEES,NSE,SHARIABEES.NS
SHEMAROO,SHEMAROO ENTER..,NSE,SHEMAROO.NS
SHIL-BE,SOMANY HOM INNOVATION,NSE,SHIL-BE.NS
SHILPAMED,SHILPA MEDICARE,NSE,SHILPAMED.NS
SHIVAMAUTO,SHIVAM AUTO.LTD,NSE,SHIVAMAUTO.NS
SHIVAMILLS,SHIVA MILLS,NSE,SHIVAMILLS.NS
SHIVATEX,SHIVA TEXYARN,NSE,SHIVATEX.NS
SHK,S H KELKAR AND CO..,NSE,SHK.NS
SHOPERSTOP,SHOPPERS STOP,NSE,SHOPERSTOP.NS
SHRADHA,SHRADHA INFRAPROJECTS,NSE,SHRADHA.NS
SHREDIGCEM,SHREE DIGVIJAY CEM CO,NSE,SHREDIGCEM.NS
SHREECEM,SHREE CEMENT,NSE,SHREECEM.NS
SHREEPUSHK,SHRE PUSH CHEM & FERT,NSE,SHREEPUSHK.NS
SHREERAMA,SHREE RAMA MULTI TECH,NSE,SHREERAMA.NS
SHRENIK,SHRENIK,NSE,SHRENIK.NS
SHREYANIND,SHREYANS INDUSTRIES,NSE,SHREYANIND.NS
SHREYAS,SHREYAS SHIPPING & LOGIST,NSE,SHREYAS.NS
SHRIPISTON-BE,SHRIRAM PIST. & RING,NSE,SHRIPISTON-BE.NS
SHRIRAMCIT,SHRIRAM CITYUNI FIN.LTD.,NSE,SHRIRAMCIT.NS
SHRIRAMEPC,SHRIRAM EPC.,NSE,SHRIRAMEPC.NS
SHYAMCENT,SHYAM CENTURY FERROUS,NSE,SHYAMCENT.NS
SHYAMMETL,SHYAM METALICS AND ENGY L,NSE,SHYAMMETL.NS
SHYAMTEL-BE,SHYAM TELECOM,NSE,SHYAMTEL-BE.NS
SICAL,SICAL LOGISTICS,NSE,SICAL.NS
SIEMENS,SIEMENS,NSE,SIEMENS.NS
SIGIND,SIGNET INDUSTRIES,NSE,SIGIND.NS
SIL-BE,STANDARD INDUSTRIES.,NSE,SIL-BE.NS
SILGO,SILGO RETAIL,NSE,SILGO.NS
SILINV-BE,SIL INVESTMENTS,NSE,SILINV-BE.NS
SILLYMONKS,SILLY MONKS ENTERTAIN,NSE,SILLYMONKS.NS
SIMBHALS-BE,SIMBHAOLI SUGARS.,NSE,SIMBHALS-BE.NS
SIMPLEXINF,SIMPLEX INFRASTRUCTURES L,NSE,SIMPLEXINF.NS
SINTERCOM,SINTERCOM INDIA,NSE,SINTERCOM.NS
SINTEX,SINTEX INDUSTRIES,NSE,SINTEX.NS
SIRCA,SIRCA PAINT INDIA,NSE,SIRCA.NS
SIS,SIS,NSE,SIS.NS
SITINET,SITI NETWORKS,NSE,SITINET.NS
SIYSIL,SIYARAM SILK MILLS,NSE,SIYSIL.NS
SJVN,SJVN,NSE,SJVN.NS
SKFINDIA,SKF INDIA,NSE,SKFINDIA.NS
SKIL,SKIL INFRASTRUCTURE.,NSE,SKIL.NS
SKIPPER,SKIPPER,NSE,SKIPPER.NS
SKMEGGPROD,SKM EGG PROD EXPORT(I) LT,NSE,SKMEGGPROD.NS
SMARTLINK,SMARTLINK HOLDINGS,NSE,SMARTLINK.NS
SMCGLOBAL,SMC GLOBAL SECURITIES,NSE,SMCGLOBAL.NS
SMLISUZU,SML ISUZU,NSE,SMLISUZU.NS
SMSLIFE,SMS LIFESCIENCES (I),NSE,SMSLIFE.NS
SMSPHARMA,SMS PHARMACEUTICALS.,NSE,SMSPHARMA.NS
SNOWMAN,SNOWMAN LOGISTICS.,NSE,SNOWMAN.NS
SOBHA,SOBHA,NSE,SOBHA.NS
SOLARA,SOLARA ACTIVE PHA SCI,NSE,SOLARA.NS
SOLARINDS,SOLAR INDUSTRIES (I),NSE,SOLARINDS.NS
SOMANYCERA-BE,SOMANY CERAMICS,NSE,SOMANYCERA-BE.NS
SOMATEX,SOMA TEXTILES & INDUST LT,NSE,SOMATEX.NS
SOMICONVEY,SOMI CONVEYOR BELT..,NSE,SOMICONVEY.NS
SONACOMS,SONA BLW PRECISION FRGS L,NSE,SONACOMS.NS
SONATSOFTW,SONATA SOFTWARE,NSE,SONATSOFTW.NS
SORILINFRA,SORIL INFRA RESOURCES,NSE,SORILINFRA.NS
SOTL,SAVITA OIL TECHNOLO.,NSE,SOTL.NS
SOUTHBANK,THE SOUTH INDIAN BANK,NSE,SOUTHBANK.NS
SOUTHWEST,SOUTH WEST PINNACLE,NSE,SOUTHWEST.NS
SPAL,S. P. APPARELS,NSE,SPAL.NS
SPANDANA,SPANDANA SPHOORTY FIN,NSE,SPANDANA.NS
SPARC,SUN PHARMA ADV.RES.CO.LTD,NSE,SPARC.NS
SPCENET-BE,SPACENET ENTERS IND,NSE,SPCENET-BE.NS
SPECIALITY,SPECIALITY REST,NSE,SPECIALITY.NS
SPENCERS,SPENCER'S RETAIL,NSE,SPENCERS.NS
SPIC,SPIC,NSE,SPIC.NS
SPICEJET,SPICEJET,NSE,SPICEJET.NS
SPLIL,SPL INDUSTRIES,NSE,SPLIL.NS
SPMLINFRA-BE,SPML INFRA,NSE,SPMLINFRA-BE.NS
SPTL,SINTEX PLASTICS TECH,NSE,SPTL.NS
SPYL-BE,SHEKHAWATI POLY-YARN.,NSE,SPYL-BE.NS
SREEL,SREELEATHERS,NSE,SREEL.NS
SREINFRA-BE,SREI INFRASTRUCTURE FINAN,NSE,SREINFRA-BE.NS
SRF,SRF,NSE,SRF.NS
SRHHYPOLTD,SREE RAYALSEEMA HHP.,NSE,SRHHYPOLTD.NS
SRIPIPES,SRIKALAHASTHI PIPES,NSE,SRIPIPES.NS
SRPL-BE,SHREE RAM PROTEINS.,NSE,SRPL-BE.NS
SRTRANSFIN,SHRIRAM TRANSPORT FIN CO.,NSE,SRTRANSFIN.NS
SSWL,STEEL STRIPS WHEELS.,NSE,SSWL.NS
STAMPEDE-BE,STAMPEDE CAPITAL,NSE,STAMPEDE-BE.NS
STAR,STRIDES PHARMA SCI,NSE,STAR.NS
STARCEMENT,STAR CEMENT,NSE,STARCEMENT.NS
STARPAPER,STAR PAPER MILLS,NSE,STARPAPER.NS
STCINDIA,THE STATE TRADING CORPN,NSE,STCINDIA.NS
STEELCITY,STEEL CITY SECURITIES,NSE,STEELCITY.NS
STEELXIND,STEEL EXCHANGE INDIA,NSE,STEELXIND.NS
STEL,STEL HOLDINGS,NSE,STEL.NS
STERTOOLS,STERLING TOOLS,NSE,STERTOOLS.NS
STLTECH,STERLITE TECHNOLOGIES,NSE,STLTECH.NS
STOVEKRAFT,STOVE KRAFT,NSE,STOVEKRAFT.NS
STYLAMIND,STYLAM INDUSTRIES,NSE,STYLAMIND.NS
SUBCAPCITY-BE,INTERNATIONAL CONST,NSE,SUBCAPCITY-BE.NS
SUBEXLTD,SUBEX,NSE,SUBEXLTD.NS
SUBROS,SUBROS,NSE,SUBROS.NS
SUDARSCHEM,SUDARSHAN CHEMICAL INDS L,NSE,SUDARSCHEM.NS
SUMEETINDS-BE,SUMEET IND,NSE,SUMEETINDS-BE.NS
SUMICHEM,SUMITOMO CHEM INDIA,NSE,SUMICHEM.NS
SUMIT-BE,SUMIT WOODS,NSE,SUMIT-BE.NS
SUMMITSEC,SUMMIT SECURITIES,NSE,SUMMITSEC.NS
SUNCLAYLTD,SUNDARAM CLAYTON,NSE,SUNCLAYLTD.NS
SUNDARAM-BE,SUNDARAM MULTI PAP,NSE,SUNDARAM-BE.NS
SUNDARMFIN,SUNDARAM FINANCE,NSE,SUNDARMFIN.NS
SUNDARMHLD,SUNDARAM FINANCE HOLD,NSE,SUNDARMHLD.NS
SUNDRMBRAK,SUNDARAM BRAK LININGS,NSE,SUNDRMBRAK.NS
SUNDRMFAST,SUNDRAM FASTENERS,NSE,SUNDRMFAST.NS
SUNFLAG,SUNFLAG IRON AND STEEL CO,NSE,SUNFLAG.NS
SUNPHARMA,SUN PHARMACEUTICAL IND L,NSE,SUNPHARMA.NS
SUNTECK,SUNTECK REALTY,NSE,SUNTECK.NS
SUNTV,SUN TV NETWORK,NSE,SUNTV.NS
SUPERHOUSE,SUPERHOUSE,NSE,SUPERHOUSE.NS
SUPERSPIN-BE,SUPER SPINNING MILLS,NSE,SUPERSPIN-BE.NS
SUPPETRO-BE,SUPREME PETROCHEMICALS LT,NSE,SUPPETRO-BE.NS
SUPRAJIT,SUPRAJIT ENGINEERING,NSE,SUPRAJIT.NS
SUPREMEENG,SUPREME ENGINEERING,NSE,SUPREMEENG.NS
SUPREMEIND,SUPREME INDUSTRIES,NSE,SUPREMEIND.NS
SURANASOL,SURANA SOLAR,NSE,SURANASOL.NS
SURANAT&P,SURANA TELECOM AND POW LT,NSE,SURANAT&P.NS
SURYALAXMI-BE,SURYALAKSHMI COT MIL,NSE,SURYALAXMI-BE.NS
SURYAROSNI,SURYA ROSHNI,NSE,SURYAROSNI.NS
SURYODAY,SURYODAY SMALL FIN BK,NSE,SURYODAY.NS
SUTLEJTEX,SUTLEJ TEXT & INDUS,NSE,SUTLEJTEX.NS
SUULD,SUUMAYA INDUSTRIES,NSE,SUULD.NS
SUVEN,SUVEN LIFE SCIENCES,NSE,SUVEN.NS
SUVENPHAR,SUVEN PHARMACEUTICALS,NSE,SUVENPHAR.NS
SUVIDHAA,SUVIDHAA INFOSERVE,NSE,SUVIDHAA.NS
SUZLON,SUZLON ENERGY,NSE,SUZLON.NS
SVPGLOB,SVP GLOBAL VENTURES,NSE,SVPGLOB.NS
SWANENERGY,SWAN ENERGY,NSE,SWANENERGY.NS
SWARAJENG,SWARAJ ENGINES,NSE,SWARAJENG.NS
SWELECTES,SWELECT ENERGY SYS,NSE,SWELECTES.NS
SWSOLAR,STERLING & WILSON SO,NSE,SWSOLAR.NS
SYMPHONY,SYMPHONY,NSE,SYMPHONY.NS
SYNGENE,SYNGENE INTERNATIONAL,NSE,SYNGENE.NS
TAINWALCHM-BE,TAINWALA CHEMICAL AND PLA,NSE,TAINWALCHM-BE.NS
TAJGVK,TAJ GVK HOTELS & RESORTS,NSE,TAJGVK.NS
TAKE,TAKE SOLUTIONS,NSE,TAKE.NS
TALBROAUTO,TALBROS AUTO. COMP.,NSE,TALBROAUTO.NS
TANLA-BE,TANLA PLATFORMS,NSE,TANLA-BE.NS
TARAPUR,TARAPUR TRANSFORMERS,NSE,TARAPUR.NS
TARC-BE,TARC,NSE,TARC-BE.NS
TARMAT,TARMAT,NSE,TARMAT.NS
TASTYBITE,TASTY BITE EATABLES,NSE,TASTYBITE.NS
TATACHEM,TATA CHEMICALS,NSE,TATACHEM.NS
TATACOFFEE,TATA COFFEE,NSE,TATACOFFEE.NS
TATACOMM,TATA COMMUNICATIONS,NSE,TATACOMM.NS
TATACONSUM,TATA CONSUMER PRODUCT,NSE,TATACONSUM.NS
TATAELXSI,TATA ELXSI,NSE,TATAELXSI.NS
TATAINVEST,TATA INVESTMENT CORP,NSE,TATAINVEST.NS
TATAMETALI,TATA METALIKS,NSE,TATAMETALI.NS
TATAMOTORS,TATA MOTORS,NSE,TATAMOTORS.NS
TATAMTRDVR,TATA MOTORS DVR 'A' ORD,NSE,TATAMTRDVR.NS
TATAPOWER,TATA POWER CO,NSE,TATAPOWER.NS
TATASTEEL,TATA STEEL,NSE,TATASTEEL.NS
TATASTLBSL-BE,TATA STEEL BSL,NSE,TATASTLBSL-BE.NS
TATASTLLP-BE,TATA STEEL LONG PRO,NSE,TATASTLLP-BE.NS
TATVA,TATVA CHIN PHARM CHEM,NSE,TATVA.NS
TBZ,TRIB BHIMJI ZAVERI,NSE,TBZ.NS
TCI,TRANSPORT CORPN OF INDIA,NSE,TCI.NS
TCIDEVELOP,TCI DEVELOPERS,NSE,TCIDEVELOP.NS
TCIEXP,TCI EXPRESS,NSE,TCIEXP.NS
TCIFINANCE,TCI FINANCE,NSE,TCIFINANCE.NS
TCNSBRANDS,TCNS CLOTHING CO.,NSE,TCNSBRANDS.NS
TCPLPACK,TCPL PACKAGING,NSE,TCPLPACK.NS
TCS,TATA CONSULTANCY SERV LT,NSE,TCS.NS
TDPOWERSYS,TD POWER SYSTEMS.,NSE,TDPOWERSYS.NS
TEAMLEASE,TEAMLEASE SERVICES.,NSE,TEAMLEASE.NS
TECHIN,TECHINDIA NIRMAN,NSE,TECHIN.NS
TECHM,TECH MAHINDRA,NSE,TECHM.NS
TECHNOE,TECHNO ELEC & ENG CO.,NSE,TECHNOE.NS
TEJASNET-BE,TEJAS NETWORKS,NSE,TEJASNET-BE.NS
TEMBO,TEMBO GLOBAL IND,NSE,TEMBO.NS
TERASOFT-BE,TERA SOFTWARE,NSE,TERASOFT-BE.NS
TEXINFRA,TEXMACO INFRA & HOLDG,NSE,TEXINFRA.NS
TEXMOPIPES,TEXMO PIPE & PRODUCTS,NSE,TEXMOPIPES.NS
TEXRAIL,TEXMACO RAIL & ENG..,NSE,TEXRAIL.NS
TFCILTD,TOURISM FINANCE CORP. OF,NSE,TFCILTD.NS
TFL,TRANSWARRANTY FIN..,NSE,TFL.NS
TGBHOTELS,TGB BANQUETS&HOTELS,NSE,TGBHOTELS.NS
THANGAMAYL,THANGAMAYIL JEWELLERY,NSE,THANGAMAYL.NS
THEINVEST,THE INVEST TRUST OF IND L,NSE,THEINVEST.NS
THEMISMED,THEMIS MEDICARE.,NSE,THEMISMED.NS
THERMAX,THERMAX,NSE,THERMAX.NS
THOMASCOOK,THOMAS COOK (INDIA),NSE,THOMASCOOK.NS
THOMASCOTT-BE,THOMAS SCOTT (INDIA),NSE,THOMASCOTT-BE.NS
THYROCARE,THYROCARE TECH,NSE,THYROCARE.NS
TI-BE,TILAKNAGAR INDUSTRIES,NSE,TI-BE.NS
TIDEWATER-BE,TIDE WATER OIL,NSE,TIDEWATER-BE.NS
TIIL,TECHNOCRAFT IND,NSE,TIIL.NS
TIINDIA,TUBE INVEST OF INDIA,NSE,TIINDIA.NS
TIJARIA-BE,TIJARIA POLYPIPES,NSE,TIJARIA-BE.NS
TIL,TIL,NSE,TIL.NS
TIMESGTY,TIMES GUARANTY,NSE,TIMESGTY.NS
TIMETECHNO,TIME TECHNOPLAST.,NSE,TIMETECHNO.NS
TIMKEN,TIMKEN INDIA.,NSE,TIMKEN.NS
TINPLATE,THE TINPLATE CO. (I),NSE,TINPLATE.NS
TIPSINDLTD-BE,TIPS INDUSTRIES.,NSE,TIPSINDLTD-BE.NS
TIRUMALCHM,THIRUMALAI CHEMICALS,NSE,TIRUMALCHM.NS
TIRUPATIFL-BE,TIRUPATI FORGE,NSE,TIRUPATIFL-BE.NS
TITAN,TITAN COMPANY,NSE,TITAN.NS
TMRVL,THE MANDHANA RET VENT,NSE,TMRVL.NS
TNPETRO,TAMILNADU PETROPRODUCTS L,NSE,TNPETRO.NS
TNPL,TAMILNADU NEWSPRT & PAPER,NSE,TNPL.NS
TNTELE-BE,TAMILNADU TELECOMMUNICATI,NSE,TNTELE-BE.NS
TOKYOPLAST,TOKYO PLAST INTL,NSE,TOKYOPLAST.NS
TORNTPHARM,TORRENT PHARMACEUTICALS L,NSE,TORNTPHARM.NS
TORNTPOWER,TORRENT POWER,NSE,TORNTPOWER.NS
TOTAL,TOTAL TRANSPORT SYS,NSE,TOTAL.NS
TOUCHWOOD-BE,TOUCHWOOD ENTERTAIN.,NSE,TOUCHWOOD-BE.NS
TPLPLASTEH,TPL PLASTECH,NSE,TPLPLASTEH.NS
TREEHOUSE-BE,TREE HOUSE EDU,NSE,TREEHOUSE-BE.NS
TREJHARA,TREJHARA SOLUTIONS,NSE,TREJHARA.NS
TRENT,TRENT,NSE,TRENT.NS
TRF,TRF,NSE,TRF.NS
TRIDENT,TRIDENT,NSE,TRIDENT.NS
TRIGYN,TRIGYN TECHNOLOGIES,NSE,TRIGYN.NS
TRIL,TRANS & RECTI.,NSE,TRIL.NS
TRITURBINE,TRIVENI TURBINE,NSE,TRITURBINE.NS
TRIVENI,TRIVENI ENGG. & INDS.,NSE,TRIVENI.NS
TTKHLTCARE,TTK HEALTHCARE,NSE,TTKHLTCARE.NS
TTKPRESTIG,TTK PRESTIGE,NSE,TTKPRESTIG.NS
TTL,T T,NSE,TTL.NS
TTML-BE,TATA TELESERV(MAHARASTRA),NSE,TTML-BE.NS
TV18BRDCST,TV18 BROADCAST,NSE,TV18BRDCST.NS
TVSELECT,TVS ELECTRONICS,NSE,TVSELECT.NS
TVSMOTOR,TVS MOTOR COMPANY ,NSE,TVSMOTOR.NS
TVSSRICHAK,TVS SRICHAKRA,NSE,TVSSRICHAK.NS
TVTODAY,TV TODAY NETWORK,NSE,TVTODAY.NS
TVVISION-BE,TV VISION,NSE,TVVISION-BE.NS
TWL,TITAGARH WAGONS.,NSE,TWL.NS
UBL,UNITED BREWERIES,NSE,UBL.NS
UCALFUEL,UCAL FUEL SYSTEMS,NSE,UCALFUEL.NS
UCOBANK,UCO BANK,NSE,UCOBANK.NS
UFLEX,UFLEX,NSE,UFLEX.NS
UFO,UFO MOVIEZ INDIA.,NSE,UFO.NS
UGARSUGAR,THE UGAR SUGAR WORKS,NSE,UGARSUGAR.NS
UGROCAP,UGRO CAPITAL,NSE,UGROCAP.NS
UJAAS,UJAAS ENERGY,NSE,UJAAS.NS
UJJIVAN,UJJIVAN FIN. SERVC..,NSE,UJJIVAN.NS
UJJIVANSFB,UJJIVAN SMALL FINANC BANK,NSE,UJJIVANSFB.NS
ULTRACEMCO,ULTRATECH CEMENT,NSE,ULTRACEMCO.NS
UMANGDAIRY,UMANG DAIRIES,NSE,UMANGDAIRY.NS
UMESLTD,USHA MARTIN EDU & SOL,NSE,UMESLTD.NS
UNICHEMLAB,UNICHEM LABORATORIES,NSE,UNICHEMLAB.NS
UNIDT,UNITED DRILLING TOOLS,NSE,UNIDT.NS
UNIENTER,UNIPHOS ENTERPRISES,NSE,UNIENTER.NS
UNIONBANK,UNION BANK OF INDIA,NSE,UNIONBANK.NS
UNITEDTEA,UNITED NILGIRI TEA,NSE,UNITEDTEA.NS
UNIVASTU,UNIVASTU INDIA,NSE,UNIVASTU.NS
UNIVCABLES,UNIVERSAL CABLES,NSE,UNIVCABLES.NS
UNIVPHOTO,UNIVERSUS IMAGINGS,NSE,UNIVPHOTO.NS
UPL,UPL,NSE,UPL.NS
URJA,URJA GLOBAL,NSE,URJA.NS
USHAMART,USHA MARTIN.,NSE,USHAMART.NS
UTIAMC,UTI ASSET MNGMT CO,NSE,UTIAMC.NS
UTIBANKETF,UTIAMC - UTIBANKETF,NSE,UTIBANKETF.NS
UTINEXT50,UTIAMC - UTINEXT50,NSE,UTINEXT50.NS
UTINIFTETF,UTIAMC - UTINIFTETF,NSE,UTINIFTETF.NS
UTISENSETF,UTIAMC - UTISENSETF,NSE,UTISENSETF.NS
UTISXN50,UTIAMC - UTISXN50,NSE,UTISXN50.NS
UTTAMSTL-BE,UTTAM GALVA STEELS,NSE,UTTAMSTL-BE.NS
UTTAMSUGAR-BE,UTTAM SUGAR MILLS.,NSE,UTTAMSUGAR-BE.NS
V2RETAIL,V2 RETAIL,NSE,V2RETAIL.NS
VADILALIND,VADILAL INDUSTRIES,NSE,VADILALIND.NS
VAIBHAVGBL,VAIBHAV GLOBAL,NSE,VAIBHAVGBL.NS
VAISHALI,VAISHALI PHARMA,NSE,VAISHALI.NS
VAKRANGEE,VAKRANGEE,NSE,VAKRANGEE.NS
VALIANTORG,VALIANT ORGANICS,NSE,VALIANTORG.NS
VARDHACRLC,VARDHAMAN ACRYLICS,NSE,VARDHACRLC.NS
VARDMNPOLY-BE,VARDHMAN POLYTEX.,NSE,VARDMNPOLY-BE.NS
VARROC,VARROC ENGINEERING.,NSE,VARROC.NS
VASCONEQ,VASCON ENGINEERS,NSE,VASCONEQ.NS
VASWANI,VASWANI IND,NSE,VASWANI.NS
VBL,VARUN BEVERAGES,NSE,VBL.NS
VEDL,VEDANTA,NSE,VEDL.NS
VENKEYS,VENKY'S (INDIA),NSE,VENKEYS.NS
VENUSREM,VENUS REMEDIES,NSE,VENUSREM.NS
VERTOZ,VERTOZ ADVERTISING,NSE,VERTOZ.NS
VESUVIUS,VESUVIUS INDIA,NSE,VESUVIUS.NS
VETO,VETO SWITCHGEAR CABLE,NSE,VETO.NS
VGUARD,V-GUARD IND.,NSE,VGUARD.NS
VHL,VARDHMAN HOLDINGS,NSE,VHL.NS
VIDHIING,VIDHI SPCLTY F INGRDNTS L,NSE,VIDHIING.NS
VIJIFIN-BE,VIJI FINANCE,NSE,VIJIFIN-BE.NS
VIKASECO,VIKAS ECOTECH,NSE,VIKASECO.NS
VIKASLIFE-BE,VIKAS LIFECARE,NSE,VIKASLIFE-BE.NS
VIKASPROP,VIKAS PROP & GRANITE,NSE,VIKASPROP.NS
VIKASWSP,VIKAS WSP,NSE,VIKASWSP.NS
VIMTALABS,VIMTA LABS,NSE,VIMTALABS.NS
VINATIORGA,VINATI ORGANICS,NSE,VINATIORGA.NS
VINDHYATEL,VINDHYA TELELINKS,NSE,VINDHYATEL.NS
VINEETLAB,VINEET LABORATORIES,NSE,VINEETLAB.NS
VINYLINDIA,VINYL CHEMICALS (I).,NSE,VINYLINDIA.NS
VIPCLOTHNG-BE,VIP CLOTHING,NSE,VIPCLOTHNG-BE.NS
VIPIND,VIP INDUSTRIES,NSE,VIPIND.NS
VIPULLTD,VIPUL,NSE,VIPULLTD.NS
VISAKAIND,VISAKA INDUSTRIES,NSE,VISAKAIND.NS
VISASTEEL,VISA STEEL,NSE,VISASTEEL.NS
VISESHINFO-BE,VISESH INFOTECNICS,NSE,VISESHINFO-BE.NS
VISHAL,VISHAL FABRICS,NSE,VISHAL.NS
VISHNU,VISHNU CHEMICALS,NSE,VISHNU.NS
VISHWARAJ,VISHWARAJ SUGAR IND,NSE,VISHWARAJ.NS
VIVIDHA,VISAGAR POLYTEX,NSE,VIVIDHA.NS
VIVIMEDLAB,VIVIMED LABS,NSE,VIVIMEDLAB.NS
VLSFINANCE,VLS FINANCE,NSE,VLSFINANCE.NS
VMART,VMART RETAIL,NSE,VMART.NS
VOLTAMP,VOLTAMP TRANSFORMERS,NSE,VOLTAMP.NS
VOLTAS,VOLTAS,NSE,VOLTAS.NS
VRLLOG,VRL LOGISTICS,NSE,VRLLOG.NS
VSSL,VARDHMAN SPC STEEL,NSE,VSSL.NS
VSTIND,VST INDUSTRIES,NSE,VSTIND.NS
VSTTILLERS,VST TILLERS TRACTORS,NSE,VSTTILLERS.NS
VTL,VARDHMAN TEXTILES,NSE,VTL.NS
WABAG,VA TECH WABAG,NSE,WABAG.NS
WABCOINDIA,WABCO INDIA,NSE,WABCOINDIA.NS
WALCHANNAG,WALCHANDNAGAR INDUSTRIES,NSE,WALCHANNAG.NS
WANBURY-BE,WANBURY,NSE,WANBURY-BE.NS
WATERBASE,WATERBASE,NSE,WATERBASE.NS
WEALTH-BE,WEALTH FRST PORT. MG.,NSE,WEALTH-BE.NS
WEBELSOLAR,WEBSOL ENERGY SYSTEM,NSE,WEBELSOLAR.NS
WEIZMANIND,WEIZMANN,NSE,WEIZMANIND.NS
WELCORP,WELSPUN CORP,NSE,WELCORP.NS
WELENT,WELSPUN ENTERPRISES.,NSE,WELENT.NS
WELINV,WELSPUN INV & COMM,NSE,WELINV.NS
WELSPUNIND,WELSPUN INDIA,NSE,WELSPUNIND.NS
WENDT,WENDT (INDIA),NSE,WENDT.NS
WESTLIFE,WESTLIFE DEVELOPMENT,NSE,WESTLIFE.NS
WHEELS,WHEELS INDIA,NSE,WHEELS.NS
WHIRLPOOL,WHIRLPOOL OF INDIA,NSE,WHIRLPOOL.NS
WILLAMAGOR,WILLIAMSON MAGOR,NSE,WILLAMAGOR.NS
WINDLAS,WINDLAS BIOTECH,NSE,WINDLAS.NS
WINDMACHIN,WINDSOR MACHINES,NSE,WINDMACHIN.NS
WIPL-BE,THE WESTERN INDIA PLY,NSE,WIPL-BE.NS
WIPRO,WIPRO,NSE,WIPRO.NS
WOCKPHARMA,WOCKHARDT,NSE,WOCKPHARMA.NS
WONDERLA,WONDERLA HOLIDAYS.,NSE,WONDERLA.NS
WORTH,WORTH PERIPHERALS,NSE,WORTH.NS
WSI-BE,W.S.INDUSTRIES (I).,NSE,WSI-BE.NS
WSTCSTPAPR,WEST COAST PAPER MILLS LT,NSE,WSTCSTPAPR.NS
XCHANGING,XCHANGING SOLUTIONS,NSE,XCHANGING.NS
XELPMOC-BE,XELPMOC DESIGN & TECH,NSE,XELPMOC-BE.NS
XPROINDIA,XPRO INDIA,NSE,XPROINDIA.NS
YAARII-BE,YAARII DIG INTEGR SER,NSE,YAARII-BE.NS
YESBANK,YES BANK,NSE,YESBANK.NS
ZEEL,ZEE ENTERTAINMENT ENT,NSE,ZEEL.NS
ZEELEARN,ZEE LEARN,NSE,ZEELEARN.NS
ZEEMEDIA,ZEE MEDIA CORPORATION,NSE,ZEEMEDIA.NS
ZENITHEXPO,ZENITH EXPORTS,NSE,ZENITHEXPO.NS
ZENITHSTL-BE,ZENITH STEEL PIP IND,NSE,ZENITHSTL-BE.NS
ZENSARTECH,ZENSAR TECHNOLOGIES ,NSE,ZENSARTECH.NS
ZENTEC,ZEN TECHNOLOGIES,NSE,ZENTEC.NS
ZODIACLOTH,ZODIAC CLOTHING CO..,NSE,ZODIACLOTH.NS
ZODJRDMKJ,ZODIAC JRD-MKJ,NSE,ZODJRDMKJ.NS
ZOMATO,ZOMATO,NSE,ZOMATO.NS
ZOTA,ZOTA HEALTH CARE,NSE,ZOTA.NS
ZUARI-BE,ZUARI AGRO CHEMICALS,NSE,ZUARI-BE.NS
ZUARIGLOB-BE,ZUARI GLOBAL,NSE,ZUARIGLOB-BE.NS
ZYDUSWELL,ZYDUS WELLNESS,NSE,ZYDUSWELL.NS
